{"type":"FeatureCollection","generator":"overpass-turbo","copyright":"The data included in this document is from www.openstreetmap.org. The data is made available under ODbL.","timestamp":"2026-04-28T10:52:30Z","features":[{"type":"Feature","properties":{"@id":"node/25777629","bus":"yes","highway":"bus_stop","name":"Marstarkhouch","network":"ISSAL TANGER","network:wikidata":"Q114666905","public_transport":"platform","public_transport:version":"2","lines":["L17"],"local_ref":"L17"},"geometry":{"type":"Point","coordinates":[-5.8323008,35.7786147]},"id":"node/25777629"},{"type":"Feature","properties":{"@id":"node/29829910","bus":"yes","highway":"bus_stop","local_ref":"L2-LI5-L8-L16","name":"Mosquée Badr","network":"ISSAL TANGER","network:wikidata":"Q114666905","public_transport":"platform","public_transport:version":"2","lines":["L2","LI5","L8","L16"]},"geometry":{"type":"Point","coordinates":[-5.8084488,35.7703198]},"id":"node/29829910"},{"type":"Feature","properties":{"@id":"node/300391884","bus":"yes","highway":"bus_stop","name":"Mosquée Mowahidin","network":"ISSAL TANGER","network:wikidata":"Q114666905","public_transport":"platform","public_transport:version":"2","lines":["L4","L9A"],"local_ref":"L4-L9A"},"geometry":{"type":"Point","coordinates":[-5.8310969,35.7855424]},"id":"node/300391884"},{"type":"Feature","properties":{"@id":"node/371690912","bus":"yes","highway":"bus_stop","local_ref":"L6-LI9","name":"Mabrouk","network":"ISSAL TANGER","network:wikidata":"Q114666905","public_transport":"platform","public_transport:version":"2","lines":["L6","LI9"]},"geometry":{"type":"Point","coordinates":[-5.8140659,35.7752291]},"id":"node/371690912"},{"type":"Feature","properties":{"@id":"node/371690926","bus":"yes","highway":"bus_stop","name":"L6 Rue Fès","name:es":"Avenida Fez","network":"ISSAL TANGER","network:wikidata":"Q114666905","public_transport":"platform","lines":["L6","L7"],"local_ref":"L6-L7"},"geometry":{"type":"Point","coordinates":[-5.8140784,35.777164]},"id":"node/371690926"},{"type":"Feature","properties":{"@id":"node/371691318","bus":"yes","highway":"bus_stop","local_ref":"L2-L10-LI5","name":"Café Picasso","network":"ISSAL TANGER","network:wikidata":"Q114666905","public_transport":"platform","public_transport:version":"2","lines":["L2","L10","LI5"]},"geometry":{"type":"Point","coordinates":[-5.8120321,35.7707865]},"id":"node/371691318"},{"type":"Feature","properties":{"@id":"node/371695547","bus":"yes","highway":"bus_stop","name":"Rue Hollande","network":"ISSAL TANGER","network:wikidata":"Q114666905","public_transport":"platform","lines":["L14","L18","L4"],"local_ref":"L14-L18-L4"},"geometry":{"type":"Point","coordinates":[-5.8144598,35.7798597]},"id":"node/371695547"},{"type":"Feature","properties":{"@id":"node/371696891","bus":"yes","highway":"bus_stop","local_ref":"L3-L7-L9A-L11-LI11-L12","name":"Centre Santé Saïd Noussairi","network":"ISSAL TANGER","network:wikidata":"Q114666905","public_transport":"platform","lines":["L3","L7","L9A","L11","LI11","L12"]},"geometry":{"type":"Point","coordinates":[-5.8144932,35.7701189]},"id":"node/371696891"},{"type":"Feature","properties":{"@id":"node/371708423","bus":"yes","highway":"bus_stop","local_ref":"LI1-LI6-L11-LI14","name":"Bir El Ghazi","name:ar":"بئر الغازي","network":"ISSAL TANGER","network:wikidata":"Q114666905","public_transport":"platform","public_transport:version":"2","lines":["LI1","LI6","L11","LI14"]},"geometry":{"type":"Point","coordinates":[-5.8043936,35.7169342]},"id":"node/371708423"},{"type":"Feature","properties":{"@id":"node/371708489","bus":"yes","highway":"bus_stop","local_ref":"LI1-LI6-LI14-L11-L27","name":"Zahra","network":"ISSAL TANGER","network:wikidata":"Q114666905","operator":"ISSAL","public_transport":"platform","public_transport:version":"2","lines":["LI1","LI6","LI14","L11","L27"]},"geometry":{"type":"Point","coordinates":[-5.8000979,35.7406579]},"id":"node/371708489"},{"type":"Feature","properties":{"@id":"node/371727413","bus":"yes","highway":"bus_stop","local_ref":"L6-L18-L14","name":"Ras Msallah","network":"ISSAL TANGER","network:wikidata":"Q114666905","public_transport":"platform","public_transport:version":"2","lines":["L6","L18","L14"]},"geometry":{"type":"Point","coordinates":[-5.8162262,35.7807557]},"id":"node/371727413"},{"type":"Feature","properties":{"@id":"node/371727499","bus":"yes","highway":"bus_stop","local_ref":"LI5-L6-L7-L9A-L10-LI10-L11-LI11-L12","name":"Lycée Ibn Alkhatib","network":"ISSAL TANGER","network:wikidata":"Q114666905","operator":"ISSAL","public_transport":"platform","public_transport:version":"2","lines":["LI5","L6","L7","L9A","L10","LI10","L11","LI11","L12"]},"geometry":{"type":"Point","coordinates":[-5.8169827,35.7739756]},"id":"node/371727499"},{"type":"Feature","properties":{"@id":"node/371728192","bus":"yes","highway":"bus_stop","local_ref":"L3-LI5-L7-L9A-L10-LI10-L11-LI11-L12","name":"Place Oued al Makhazine","network":"ISSAL TANGER","network:wikidata":"Q114666905","operator":"ISSAL","public_transport":"platform","public_transport:version":"2","lines":["L3","LI5","L7","L9A","L10","LI10","L11","LI11","L12"]},"geometry":{"type":"Point","coordinates":[-5.8197346,35.7772272]},"id":"node/371728192"},{"type":"Feature","properties":{"@id":"node/371875464","bus":"yes","highway":"bus_stop","name":"Souk Drissiya","name:ar":"سوق الإدريسية","network":"ISSAL TANGER","network:wikidata":"Q114666905","public_transport":"platform","lines":["LI6"],"local_ref":"LI6"},"geometry":{"type":"Point","coordinates":[-5.8035419,35.7629982]},"id":"node/371875464"},{"type":"Feature","properties":{"@id":"node/371877948","bus":"yes","highway":"bus_stop","name":"BMCE","network":"ISSAL TANGER","network:wikidata":"Q114666905","public_transport":"platform","lines":["LI6"],"local_ref":"LI6"},"geometry":{"type":"Point","coordinates":[-5.802239,35.7597604]},"id":"node/371877948"},{"type":"Feature","properties":{"@id":"node/371880880","bus":"yes","highway":"bus_stop","local_ref":"L7-LI1-L11-LI6-L12","name":"Hammam","network":"ISSAL TANGER","network:wikidata":"Q114666905","public_transport":"platform","lines":["L7","LI1","L11","LI6","L12"]},"geometry":{"type":"Point","coordinates":[-5.805448,35.7534644]},"id":"node/371880880"},{"type":"Feature","properties":{"@id":"node/372531086","bus":"yes","highway":"bus_stop","name":"Banque Populaire","network":"ISSAL TANGER","network:wikidata":"Q114666905","public_transport":"platform","lines":["L1","L1B"],"local_ref":"L1-L1B"},"geometry":{"type":"Point","coordinates":[-5.8128863,35.7595825]},"id":"node/372531086"},{"type":"Feature","properties":{"@id":"node/372568434","bus":"yes","highway":"bus_stop","name":"Palais des Institutions Italiennes","network":"ISSAL TANGER","network:wikidata":"Q114666905","public_transport":"platform","lines":["L17"],"local_ref":"L17"},"geometry":{"type":"Point","coordinates":[-5.8207801,35.7861028]},"id":"node/372568434"},{"type":"Feature","properties":{"@id":"node/372880931","bus":"yes","highway":"bus_stop","local_ref":"LI1-LI6-LI14-L11-L30","name":"Entrée de Bouhceine","network":"ISSAL TANGER","network:wikidata":"Q114666905","operator":"ISSAL","public_transport":"platform","public_transport:version":"2","lines":["LI1","LI6","LI14","L11","L30"]},"geometry":{"type":"Point","coordinates":[-5.8040177,35.7261796]},"id":"node/372880931"},{"type":"Feature","properties":{"@id":"node/373005862","bus":"yes","highway":"bus_stop","name":"Bir Chifa","network":"ISSAL TANGER","network:wikidata":"Q114666905","public_transport":"platform","public_transport:version":"2","lines":["L20"],"local_ref":"L20"},"geometry":{"type":"Point","coordinates":[-5.8277392,35.7432048]},"id":"node/373005862"},{"type":"Feature","properties":{"@id":"node/373007723","bus":"yes","highway":"bus_stop","name":"Hôpital Kortobi","network":"ISSAL TANGER","network:wikidata":"Q114666905","public_transport":"platform","lines":["L17"],"local_ref":"L17"},"geometry":{"type":"Point","coordinates":[-5.8190671,35.7892282]},"id":"node/373007723"},{"type":"Feature","properties":{"@id":"node/376799663","bus":"yes","highway":"bus_stop","name":"R.Point El Moujahidine","network":"ISSAL TANGER","network:wikidata":"Q114666905","public_transport":"platform","public_transport:version":"2","lines":["L17"],"local_ref":"L17"},"geometry":{"type":"Point","coordinates":[-5.8470157,35.7672858]},"id":"node/376799663"},{"type":"Feature","properties":{"@id":"node/376801575","bus":"yes","highway":"bus_stop","name":"Cimitière Moujahidine","network":"ISSAL TANGER","network:wikidata":"Q114666905","public_transport":"platform","public_transport:version":"2","lines":["L17"],"local_ref":"L17"},"geometry":{"type":"Point","coordinates":[-5.8415117,35.7737516]},"id":"node/376801575"},{"type":"Feature","properties":{"@id":"node/378506788","bus":"yes","highway":"bus_stop","name":"Marché Centrale","network":"ISSAL TANGER","network:wikidata":"Q114666905","public_transport":"platform","public_transport:version":"2","lines":["L20","LI6"],"local_ref":"L20-LI6"},"geometry":{"type":"Point","coordinates":[-5.7986225,35.7491047]},"id":"node/378506788"},{"type":"Feature","properties":{"@id":"node/378508712","bus":"yes","highway":"bus_stop","name":"Hay Al Haddad 2","name:ar":"حي الحداد 2","network":"ISSAL TANGER","network:wikidata":"Q114666905","public_transport":"platform","lines":["L3","L11"],"local_ref":"L3-L11"},"geometry":{"type":"Point","coordinates":[-5.805316,35.7373231]},"id":"node/378508712"},{"type":"Feature","properties":{"@id":"node/390400874","bus":"yes","highway":"bus_stop","local_ref":"LI1-LI6-L7-L11-L12","name":"Hôtel de Ville","network":"ISSAL TANGER","network:wikidata":"Q114666905","public_transport":"platform","lines":["LI1","LI6","L7","L11","L12"]},"geometry":{"type":"Point","coordinates":[-5.8052136,35.7668641]},"id":"node/390400874"},{"type":"Feature","properties":{"@id":"node/390400968","bus":"yes","highway":"bus_stop","name":"Pharmacie Ben Allal","network":"ISSAL TANGER","network:wikidata":"Q114666905","public_transport":"platform","lines":["LI6"],"local_ref":"LI6"},"geometry":{"type":"Point","coordinates":[-5.8023376,35.7555369]},"id":"node/390400968"},{"type":"Feature","properties":{"@id":"node/421414881","bus":"yes","highway":"bus_stop","local_ref":"LI3-LI5-LI12-L14-L16","name":"Entree Sania","network":"ISSAL TANGER","network:wikidata":"Q114666905","public_transport":"platform","lines":["LI3","LI5","LI12","L14","L16"]},"geometry":{"type":"Point","coordinates":[-5.7594042,35.7827827]},"id":"node/421414881"},{"type":"Feature","properties":{"@id":"node/421414928","bus":"yes","highway":"bus_stop","local_ref":"LI3-L8-LI12-L14-L16","name":"Ksar Diyafa","network":"ISSAL TANGER","network:wikidata":"Q114666905","public_transport":"platform","public_transport:version":"2","lines":["LI3","L8","LI12","L14","L16"]},"geometry":{"type":"Point","coordinates":[-5.7754615,35.7727416]},"id":"node/421414928"},{"type":"Feature","properties":{"@id":"node/421417613","bus":"yes","highway":"bus_stop","name":"Place Roudani","public_transport":"platform","public_transport:version":"2","lines":["AE","L13","L14","L18"],"local_ref":"AE-L13-L14-L18","network":"ISSAL TANGER"},"geometry":{"type":"Point","coordinates":[-5.8003128,35.7757177]},"id":"node/421417613"},{"type":"Feature","properties":{"@id":"node/421420419","bus":"yes","highway":"bus_stop","name":"Lamtafi","network":"ISSAL TANGER","network:wikidata":"Q114666905","public_transport":"platform","lines":["L17"],"local_ref":"L17"},"geometry":{"type":"Point","coordinates":[-5.8243154,35.788214]},"id":"node/421420419"},{"type":"Feature","properties":{"@id":"node/421423009","bus":"yes","highway":"bus_stop","name":"Place Tafilalte","name:ar":"ساحة تافيلالت","network":"ISSAL TANGER","network:wikidata":"Q114666905","public_transport":"platform","lines":["L1","L1B"],"local_ref":"L1-L1B"},"geometry":{"type":"Point","coordinates":[-5.8106314,35.757005]},"id":"node/421423009"},{"type":"Feature","properties":{"@id":"node/421424190","bus":"yes","highway":"bus_stop","name":"Hawma Al Aouda","network":"ISSAL TANGER","network:wikidata":"Q114666905","public_transport":"platform","lines":["LI6","L11"],"local_ref":"LI6-L11"},"geometry":{"type":"Point","coordinates":[-5.8077576,35.7462807]},"id":"node/421424190"},{"type":"Feature","properties":{"@id":"node/421424195","bus":"yes","highway":"bus_stop","local_ref":"L3-L7-L12","name":"Qiramar","network":"ISSAL TANGER","network:wikidata":"Q114666905","public_transport":"platform","public_transport:version":"2","lines":["L3","L7","L12"]},"geometry":{"type":"Point","coordinates":[-5.8092129,35.7507469]},"id":"node/421424195"},{"type":"Feature","properties":{"@id":"node/421425869","bus":"yes","highway":"bus_stop","local_ref":"LI1-LI6-L23-L27","name":"Dar Tounsi","network":"ISSAL TANGER","network:wikidata":"Q114666905","public_transport":"platform","lines":["LI1","LI6","L23","L27"]},"geometry":{"type":"Point","coordinates":[-5.8012304,35.7519206]},"id":"node/421425869"},{"type":"Feature","properties":{"@id":"node/421427547","bus":"yes","highway":"bus_stop","name":"Hammam Hay Essalem","network":"ISSAL TANGER","network:wikidata":"Q114666905","public_transport":"platform","lines":["L3","L11"],"local_ref":"L3-L11"},"geometry":{"type":"Point","coordinates":[-5.8071367,35.74459]},"id":"node/421427547"},{"type":"Feature","properties":{"@id":"node/423749964","bus":"yes","highway":"bus_stop","name":"Instituut Pastuer","network":"ISSAL TANGER","network:wikidata":"Q114666905","public_transport":"platform","lines":["L17"],"local_ref":"L17"},"geometry":{"type":"Point","coordinates":[-5.8212707,35.7884418]},"id":"node/423749964"},{"type":"Feature","properties":{"@id":"node/423750080","bus":"yes","highway":"bus_stop","name":"Café Hafa","network":"ISSAL TANGER","network:wikidata":"Q114666905","public_transport":"platform","lines":["L17"],"local_ref":"L17"},"geometry":{"type":"Point","coordinates":[-5.8213903,35.7900683]},"id":"node/423750080"},{"type":"Feature","properties":{"@id":"node/424019040","bus":"yes","highway":"bus_stop","local_ref":"L2-L16-L8-L13-LI13-LI24-LI9-LI4","name":"Place Mozart","name:ar":"ساحة موتسارت","network":"ISSAL TANGER","network:wikidata":"Q114666905","public_transport":"platform","public_transport:version":"2","lines":["L2","L16","L8","L13","LI13","LI24","LI9","LI4"]},"geometry":{"type":"Point","coordinates":[-5.7961852,35.7718724]},"id":"node/424019040"},{"type":"Feature","properties":{"@id":"node/572499015","bus":"yes","highway":"bus_stop","local_ref":"L5","name":"Mosquee Mohamed V","public_transport":"platform","lines":["L5"],"network":"ISSAL TANGER"},"geometry":{"type":"Point","coordinates":[-5.8211899,35.7811856]},"id":"node/572499015"},{"type":"Feature","properties":{"@id":"node/659996331","bus":"yes","highway":"bus_stop","local_ref":"2","name":"Pharmacie Camilia","network":"ISSAL TANGER","network:wikidata":"Q114666905","public_transport":"platform","public_transport:version":"2","lines":["2"]},"geometry":{"type":"Point","coordinates":[-5.829386,35.7730748]},"id":"node/659996331"},{"type":"Feature","properties":{"@id":"node/1219712840","bus":"yes","highway":"bus_stop","name":"Croisement Jirari","network":"ISSAL TANGER","network:wikidata":"Q114666905","public_transport":"platform","lines":["L3","L7","L12"],"local_ref":"L3-L7-L12"},"geometry":{"type":"Point","coordinates":[-5.8084368,35.7484264]},"id":"node/1219712840"},{"type":"Feature","properties":{"@id":"node/1219712859","bus":"yes","highway":"bus_stop","name":"Hammam Hay Essalem","network":"ISSAL TANGER","network:wikidata":"Q114666905","public_transport":"platform","lines":["L3","L11"],"local_ref":"L3-L11"},"geometry":{"type":"Point","coordinates":[-5.8074098,35.7445263]},"id":"node/1219712859"},{"type":"Feature","properties":{"@id":"node/1221226782","bus":"yes","highway":"bus_stop","local_ref":"L7-L12-LI14-L23-L27","name":"Cinéma Tarik","network":"ISSAL TANGER","network:wikidata":"Q114666905","public_transport":"platform","public_transport:version":"2","lines":["L7","L12","LI14","L23","L27"]},"geometry":{"type":"Point","coordinates":[-5.8097905,35.7536644]},"id":"node/1221226782"},{"type":"Feature","properties":{"@id":"node/1368148200","bus":"yes","highway":"bus_stop","local_ref":"L3-LI5-L6-L7-L9A-L10-LI10-L11-LI11-L12","name":"Place Oued al Makhazine","network":"ISSAL TANGER","network:wikidata":"Q114666905","operator":"ISSAL","public_transport":"platform","public_transport:version":"2","lines":["L3","LI5","L6","L7","L9A","L10","LI10","L11","LI11","L12"]},"geometry":{"type":"Point","coordinates":[-5.8189813,35.7775463]},"id":"node/1368148200"},{"type":"Feature","properties":{"@id":"node/1489996565","bus":"yes","highway":"bus_stop","name":"Sania","network":"ISSAL TANGER","network:wikidata":"Q114666905","public_transport":"platform","lines":["L14"],"local_ref":"L14"},"geometry":{"type":"Point","coordinates":[-5.7582162,35.7801735]},"id":"node/1489996565"},{"type":"Feature","properties":{"@id":"node/1684537914","bus":"yes","highway":"bus_stop","name":"Shuttle To Tanger Med","public_transport":"platform","shelter":"yes","lines":["AE","L18","LI16","LI18","LI6","LI7","LI9"],"local_ref":"AE-L18-LI16-LI18-LI6-LI7-LI9","network":"ISSAL TANGER"},"geometry":{"type":"Point","coordinates":[-5.8032208,35.7693736]},"id":"node/1684537914"},{"type":"Feature","properties":{"@id":"node/1708465093","bus":"yes","highway":"bus_stop","name":"Foret Rmilate","network":"ISSAL TANGER","network:wikidata":"Q114666905","public_transport":"platform","public_transport:version":"2","lines":["L5","LI3"],"local_ref":"L5-LI3"},"geometry":{"type":"Point","coordinates":[-5.8654386,35.7875755]},"id":"node/1708465093"},{"type":"Feature","properties":{"@id":"node/1709247152","bus":"yes","highway":"bus_stop","name":"Hawmat Dzairi","network":"ISSAL TANGER","network:wikidata":"Q114666905","public_transport":"platform","lines":["L4","L17"],"local_ref":"L4-L17"},"geometry":{"type":"Point","coordinates":[-5.8455275,35.7821228]},"id":"node/1709247152"},{"type":"Feature","properties":{"@id":"node/1860960592","bus":"yes","highway":"bus_stop","local_ref":"L1B-L2-L2A-L21-L26","name":"Mesnana","network":"ISSAL TANGER","network:wikidata":"Q114679539","public_transport":"platform","public_transport:version":"2","lines":["L1B","L2","L2A","L21","L26"]},"geometry":{"type":"Point","coordinates":[-5.85136,35.7526779]},"id":"node/1860960592"},{"type":"Feature","properties":{"@id":"node/1862256493","bus":"yes","highway":"bus_stop","local_ref":"LI5-L6-L7-L9A-L10-LI10-L11-LI11-L12","name":"Lycée Ibn Alkhatib","network":"ISSAL TANGER","network:wikidata":"Q114666905","operator":"ISSAL","public_transport":"platform","public_transport:version":"2","lines":["LI5","L6","L7","L9A","L10","LI10","L11","LI11","L12"]},"geometry":{"type":"Point","coordinates":[-5.8171943,35.773915]},"id":"node/1862256493"},{"type":"Feature","properties":{"@id":"node/2156507852","bus":"yes","highway":"bus_stop","local_ref":"LI2-LI8-L9A-LI10-LI11-L19","name":"Atacadao","network":"ISSAL TANGER","network:wikidata":"Q114666905","public_transport":"platform","lines":["LI2","LI8","L9A","LI10","LI11","L19"]},"geometry":{"type":"Point","coordinates":[-5.8865033,35.7274632]},"id":"node/2156507852"},{"type":"Feature","properties":{"@id":"node/2173742416","bus":"yes","highway":"bus_stop","local_ref":"LI3-LI5-L8-LI12-L14-L16-L20","name":"Haskouri","network":"ISSAL TANGER","network:wikidata":"Q114666905","public_transport":"platform","public_transport:version":"2","lines":["LI3","LI5","L8","LI12","L14","L16","L20"]},"geometry":{"type":"Point","coordinates":[-5.7621972,35.7690828]},"id":"node/2173742416"},{"type":"Feature","properties":{"@id":"node/2623624844","bus":"yes","highway":"bus_stop","local_ref":"L9A-L10","name":"Terminus Dradeb","network":"ISSAL TANGER","network:wikidata":"Q114666905","operator":"ISSAL","public_transport":"platform","public_transport:version":"2","lines":["L9A","L10"]},"geometry":{"type":"Point","coordinates":[-5.8348844,35.7869402]},"id":"node/2623624844"},{"type":"Feature","properties":{"@id":"node/2682220980","bus":"yes","highway":"bus_stop","local_ref":"LI1-LI6-LI14-L11-L30","name":"Hawmat Soussi","network":"ISSAL TANGER","network:wikidata":"Q114666905","operator":"ISSAL","public_transport":"platform","public_transport:version":"2","lines":["LI1","LI6","LI14","L11","L30"]},"geometry":{"type":"Point","coordinates":[-5.8029618,35.7318356]},"id":"node/2682220980"},{"type":"Feature","properties":{"@id":"node/2792041450","bus":"yes","highway":"bus_stop","local_ref":"L1-L1B-L2","name":"Boukhalef2","network":"ISSAL TANGER","network:wikidata":"Q114666905","public_transport":"platform","public_transport:version":"2","lines":["L1","L1B","L2"]},"geometry":{"type":"Point","coordinates":[-5.8804857,35.7347673]},"id":"node/2792041450"},{"type":"Feature","properties":{"@id":"node/2823593769","bus":"yes","highway":"bus_stop","local_ref":"LI4-LI7-L10-LI13-L13-LI16-L23-LI24","name":"Pocargil","network":"ISSAL TANGER","network:wikidata":"Q114666905","public_transport":"platform","lines":["LI4","LI7","L10","LI13","L13","LI16","L23","LI24"]},"geometry":{"type":"Point","coordinates":[-5.7743087,35.7407305]},"id":"node/2823593769"},{"type":"Feature","properties":{"@id":"node/2985499868","bus":"yes","highway":"bus_stop","name":"Ghandouri","network":"ISSAL TANGER","network:wikidata":"Q114666905","public_transport":"platform","lines":["LI3"],"local_ref":"LI3"},"geometry":{"type":"Point","coordinates":[-5.7549342,35.7879954]},"id":"node/2985499868"},{"type":"Feature","properties":{"@id":"node/3017357798","bus":"yes","highway":"bus_stop","local_ref":"LI4-LI7-L10-LI13-L13-LI16-L23-LI24","name":"Z. I. Mghogha","network":"ISSAL TANGER","network:wikidata":"Q114666905","public_transport":"platform","public_transport:version":"2","lines":["LI4","LI7","L10","LI13","L13","LI16","L23","LI24"]},"geometry":{"type":"Point","coordinates":[-5.7664124,35.7363599]},"id":"node/3017357798"},{"type":"Feature","properties":{"@id":"node/3656277846","bus":"yes","highway":"bus_stop","local_ref":"L6-LI9","name":"Place Medina","name:ar":"ساحة المدينة","name:es":"Plaza Almedina","network":"ISSAL TANGER","network:wikidata":"Q114666905","public_transport":"platform","public_transport:version":"2","lines":["L6","LI9"]},"geometry":{"type":"Point","coordinates":[-5.8106265,35.7754207]},"id":"node/3656277846"},{"type":"Feature","properties":{"@id":"node/4040739497","bus":"yes","highway":"bus_stop","name":"Lycée Abi Bakr Razi","network":"ISSAL TANGER","network:wikidata":"Q114666905","public_transport":"platform","lines":["L8"],"local_ref":"L8"},"geometry":{"type":"Point","coordinates":[-5.8118625,35.7689483]},"id":"node/4040739497"},{"type":"Feature","properties":{"@id":"node/4110533662","bus":"yes","highway":"bus_stop","local_ref":"LI1-LI6-L11-LI14","name":"École L'Aouma","name:ar":"مدرسة العومة","network":"ISSAL TANGER","network:wikidata":"Q114666905","public_transport":"platform","public_transport:version":"2","lines":["LI1","LI6","L11","LI14"]},"geometry":{"type":"Point","coordinates":[-5.80417,35.714203]},"id":"node/4110533662"},{"type":"Feature","properties":{"@id":"node/4243613606","bus":"yes","highway":"bus_stop","local_ref":"L1-L1B-L2-L2A-L21-L26","name":"Aswak Assalam","network":"ISSAL TANGER","network:wikidata":"Q114666905","public_transport":"platform","public_transport:version":"2","lines":["L1","L1B","L2","L2A","L21","L26"]},"geometry":{"type":"Point","coordinates":[-5.8729449,35.7389853]},"id":"node/4243613606"},{"type":"Feature","properties":{"@id":"node/4243613650","bus":"yes","highway":"bus_stop","local_ref":"L1B-L2-L2A-L26","name":"Station Afriquia","network":"ISSAL TANGER","network:wikidata":"Q114666905","operator":"ISSAL","public_transport":"platform","public_transport:version":"2","lines":["L1B","L2","L2A","L26"]},"geometry":{"type":"Point","coordinates":[-5.8401769,35.7612755]},"id":"node/4243613650"},{"type":"Feature","properties":{"@id":"node/4243613693","bus":"yes","highway":"bus_stop","local_ref":"2","name":"L2 Hopital Mohammed V","network":"ISSAL TANGER","network:wikidata":"Q114666905","public_transport":"platform","lines":["2"]},"geometry":{"type":"Point","coordinates":[-5.8272868,35.7779288]},"id":"node/4243613693"},{"type":"Feature","properties":{"@id":"node/4245276073","highway":"bus_stop","local_ref":"16","name":"M'Nar","public_transport":"platform","lines":["16"],"network":"ISSAL TANGER"},"geometry":{"type":"Point","coordinates":[-5.7476463,35.8165259]},"id":"node/4245276073"},{"type":"Feature","properties":{"@id":"node/4245276493","bus":"yes","highway":"bus_stop","name":"M'Nar Park","network":"ISSAL TANGER","network:wikidata":"Q114666905","public_transport":"platform","lines":["LI3"],"local_ref":"LI3"},"geometry":{"type":"Point","coordinates":[-5.739218,35.8105723]},"id":"node/4245276493"},{"type":"Feature","properties":{"@id":"node/4888598404","bus":"yes","highway":"bus_stop","local_ref":"L7-L12-LI14-L23-L27","name":"Cinéma Tarik","network":"ISSAL TANGER","network:wikidata":"Q114666905","public_transport":"platform","public_transport:version":"2","lines":["L7","L12","LI14","L23","L27"]},"geometry":{"type":"Point","coordinates":[-5.809854,35.7534753]},"id":"node/4888598404"},{"type":"Feature","properties":{"@id":"node/4992531221","bus":"yes","highway":"bus_stop","name":"Cemetier Souani","network":"ISSAL TANGER","network:wikidata":"Q114679539","public_transport":"platform","lines":["L1B","L23","L26","L8","L9A","LI8"],"local_ref":"L1B-L23-L26-L8-L9A-LI8"},"geometry":{"type":"Point","coordinates":[-5.8193028,35.7671026]},"id":"node/4992531221"},{"type":"Feature","properties":{"@id":"node/4992838303","bus":"yes","highway":"bus_stop","local_ref":"L3-LI5-L7-L9A-L10-LI10-L11-LI11-L12","name":"École Sidi Mohamed Ibn Abdellah","network":"ISSAL TANGER","network:wikidata":"Q114666905","operator":"ISSAL","public_transport":"platform","public_transport:version":"2","lines":["L3","LI5","L7","L9A","L10","LI10","L11","LI11","L12"]},"geometry":{"type":"Point","coordinates":[-5.818242,35.7756244]},"id":"node/4992838303"},{"type":"Feature","properties":{"@id":"node/4992838304","bus":"yes","highway":"bus_stop","local_ref":"L3-LI5-L7-L9A-L10-LI10-L11-LI11-L12","name":"École Sidi Mohamed Ibn Abdellah","network":"ISSAL TANGER","network:wikidata":"Q114666905","operator":"ISSAL","public_transport":"platform","public_transport:version":"2","lines":["L3","LI5","L7","L9A","L10","LI10","L11","LI11","L12"]},"geometry":{"type":"Point","coordinates":[-5.8183341,35.7754545]},"id":"node/4992838304"},{"type":"Feature","properties":{"@id":"node/4992838306","bus":"yes","highway":"bus_stop","name":"Résidence le Ziryab","network":"ISSAL TANGER","network:wikidata":"Q114666905","public_transport":"platform","public_transport:version":"2","lines":["L2","L9A","LI10","LI11","LI18","LI9"],"local_ref":"L2-L9A-LI10-LI11-LI18-LI9"},"geometry":{"type":"Point","coordinates":[-5.8145602,35.7721595]},"id":"node/4992838306"},{"type":"Feature","properties":{"@id":"node/4993101338","bus":"yes","highway":"bus_stop","local_ref":"L3-L4B-L7-L9A-L10-L11-L12-L14-L17","name":"Iberia إيبريا","name:ar":"إيبريا","name:es":"Iberia","network":"ISSAL TANGER","network:wikidata":"Q114666905","operator":"ISSAL","public_transport":"platform","public_transport:version":"2","lines":["L3","L4B","L7","L9A","L10","L11","L12","L14","L17"]},"geometry":{"type":"Point","coordinates":[-5.8229072,35.7840334]},"id":"node/4993101338"},{"type":"Feature","properties":{"@id":"node/4993628696","bus":"yes","highway":"bus_stop","local_ref":"L14-L18","name":"Place des Nations","network":"ISSAL TANGER","network:wikidata":"Q114666905","public_transport":"platform","public_transport:version":"2","lines":["L14","L18"]},"geometry":{"type":"Point","coordinates":[-5.8039702,35.7766957]},"id":"node/4993628696"},{"type":"Feature","properties":{"@id":"node/4993640988","bus":"yes","highway":"bus_stop","local_ref":"LI4-LI7-L13-LI13-LI16-L18-LI24","name":"Hawmat Chouk","network":"ISSAL TANGER","network:wikidata":"Q114666905","public_transport":"platform","public_transport:version":"2","lines":["LI4","LI7","L13","LI13","LI16","L18","LI24"]},"geometry":{"type":"Point","coordinates":[-5.792846,35.7582345]},"id":"node/4993640988"},{"type":"Feature","properties":{"@id":"node/4993658187","bus":"yes","highway":"bus_stop","name":"Souk Mghogha","network":"ISSAL TANGER","network:wikidata":"Q114666905","public_transport":"platform","lines":["L18"],"local_ref":"L18"},"geometry":{"type":"Point","coordinates":[-5.7832949,35.7537554]},"id":"node/4993658187"},{"type":"Feature","properties":{"@id":"node/4993665830","bus":"yes","highway":"bus_stop","name":"2ème Station","public_transport":"platform","lines":["L18"],"local_ref":"L18","network":"ISSAL TANGER"},"geometry":{"type":"Point","coordinates":[-5.7892772,35.7501556]},"id":"node/4993665830"},{"type":"Feature","properties":{"@id":"node/4993668721","bus":"yes","highway":"bus_stop","local_ref":"LI4-LI7-L13-LI13-LI16-L18-LI24","name":"Hawmat Chouk","network":"ISSAL TANGER","network:wikidata":"Q114666905","public_transport":"platform","public_transport:version":"2","lines":["LI4","LI7","L13","LI13","LI16","L18","LI24"]},"geometry":{"type":"Point","coordinates":[-5.7925534,35.7582203]},"id":"node/4993668721"},{"type":"Feature","properties":{"@id":"node/4993706521","bus":"yes","highway":"bus_stop","local_ref":"L10-L4-18-L23","name":"Tribunal","network":"ISSAL TANGER","network:wikidata":"Q114666905","public_transport":"platform","lines":["L10","L4","18","L23"]},"geometry":{"type":"Point","coordinates":[-5.789996,35.7531499]},"id":"node/4993706521"},{"type":"Feature","properties":{"@id":"node/4993749225","bus":"yes","highway":"bus_stop","local_ref":"L10-L4-18-L23","name":"Tribunal","network":"ISSAL TANGER","network:wikidata":"Q114666905","public_transport":"platform","lines":["L10","L4","18","L23"]},"geometry":{"type":"Point","coordinates":[-5.7897343,35.7532955]},"id":"node/4993749225"},{"type":"Feature","properties":{"@id":"node/4993750466","bus":"yes","highway":"bus_stop","local_ref":"LI4-LI7-L10-LI13-L13-LI16-L23-LI24","name":"Z. I. Mghogha","network":"ISSAL TANGER","network:wikidata":"Q114666905","public_transport":"platform","public_transport:version":"2","lines":["LI4","LI7","L10","LI13","L13","LI16","L23","LI24"]},"geometry":{"type":"Point","coordinates":[-5.7666962,35.7361776]},"id":"node/4993750466"},{"type":"Feature","properties":{"@id":"node/4993785822","bus":"yes","highway":"bus_stop","local_ref":"LI4-LI7-L10-LI13-L13-LI16-L23-LI24","name":"Entree Lehmam","network":"ISSAL TANGER","network:wikidata":"Q114666905","public_transport":"platform","public_transport:version":"2","lines":["LI4","LI7","L10","LI13","L13","LI16","L23","LI24"]},"geometry":{"type":"Point","coordinates":[-5.7831604,35.7457503]},"id":"node/4993785822"},{"type":"Feature","properties":{"@id":"node/4994774772","bus":"yes","highway":"bus_stop","name":"Avenue de la Marche Verte","name:ar":"شارع المسيرة الخضراء","name:es":"Avenida Marcha Verde","public_transport":"platform","lines":["L2","L9A","LI10","LI11","LI18","LI9"],"local_ref":"L2-L9A-LI10-LI11-LI18-LI9","network":"ISSAL TANGER"},"geometry":{"type":"Point","coordinates":[-5.8135775,35.7719256]},"id":"node/4994774772"},{"type":"Feature","properties":{"@id":"node/4994781087","bus":"yes","highway":"bus_stop","local_ref":"L1-L1B-L2-L20-L21-L30","name":"Boukhalef Cite Universitaire","name:ar":"بوخالف","name:azb":"بوخالف","name:es":"Buhalal","name:fa":"بوخالف","name:ur":"بوخالف","network":"ISSAL TANGER","network:wikidata":"Q114666905","public_transport":"platform","public_transport:version":"2","lines":["L1","L1B","L2","L20","L21","L30"]},"geometry":{"type":"Point","coordinates":[-5.8925312,35.7343517]},"id":"node/4994781087"},{"type":"Feature","properties":{"@id":"node/4994781088","bus":"yes","highway":"bus_stop","local_ref":"L1-L1B-L2-L20-L21-L30","name":"Boukhalef Cite Universitaire","name:ar":"بوخالف","name:azb":"بوخالف","name:es":"Buhalal","name:fa":"بوخالف","name:ur":"بوخالف","network":"ISSAL TANGER","network:wikidata":"Q114666905","public_transport":"platform","public_transport:version":"2","lines":["L1","L1B","L2","L20","L21","L30"]},"geometry":{"type":"Point","coordinates":[-5.8925142,35.7342708]},"id":"node/4994781088"},{"type":"Feature","properties":{"@id":"node/4994921082","bus":"yes","highway":"bus_stop","name":"Lycée Allal Al Fassi","network":"ISSAL TANGER","network:wikidata":"Q114666905","public_transport":"platform","lines":["L23","LI6"],"local_ref":"L23-LI6"},"geometry":{"type":"Point","coordinates":[-5.8052978,35.7521774]},"id":"node/4994921082"},{"type":"Feature","properties":{"@id":"node/4994922721","bus":"yes","highway":"bus_stop","local_ref":"LI1-LI6-L23-L27","name":"Dar Tounsi","network":"ISSAL TANGER","network:wikidata":"Q114666905","public_transport":"platform","lines":["LI1","LI6","L23","L27"]},"geometry":{"type":"Point","coordinates":[-5.8012194,35.75213]},"id":"node/4994922721"},{"type":"Feature","properties":{"@id":"node/4997567875","bus":"yes","highway":"bus_stop","name":"Rue Fatima Zahra","network":"ISSAL TANGER","network:wikidata":"Q114666905","public_transport":"platform","lines":["LI6"],"local_ref":"LI6"},"geometry":{"type":"Point","coordinates":[-5.8018627,35.7582982]},"id":"node/4997567875"},{"type":"Feature","properties":{"@id":"node/4997932399","bus":"yes","highway":"bus_stop","name":"Résidence le Ziryab","network":"ISSAL TANGER","network:wikidata":"Q114666905","public_transport":"platform","public_transport:version":"2","lines":["L2","L9A","LI10","LI11","LI18","LI9"],"local_ref":"L2-L9A-LI10-LI11-LI18-LI9"},"geometry":{"type":"Point","coordinates":[-5.8147817,35.7719829]},"id":"node/4997932399"},{"type":"Feature","properties":{"@id":"node/4998693565","bus":"yes","highway":"bus_stop","local_ref":"LI1-LI6-L7-L11-L12","name":"Avenue Marrakech","network":"ISSAL TANGER","network:wikidata":"Q114666905","public_transport":"platform","public_transport:version":"2","lines":["LI1","LI6","L7","L11","L12"]},"geometry":{"type":"Point","coordinates":[-5.8037006,35.769054]},"id":"node/4998693565"},{"type":"Feature","properties":{"@id":"node/4999152826","bus":"yes","highway":"bus_stop","name":"Mosquée Badr","network":"ISSAL TANGER","network:wikidata":"Q114666905","public_transport":"platform","public_transport:version":"2","lines":["L2","L8","LI18"],"local_ref":"L2-L8-LI18"},"geometry":{"type":"Point","coordinates":[-5.808646,35.7705223]},"id":"node/4999152826"},{"type":"Feature","properties":{"@id":"node/4999164789","bus":"yes","highway":"bus_stop","local_ref":"L3-L7-L12","name":"Qiramar","network":"ISSAL TANGER","network:wikidata":"Q114666905","public_transport":"platform","public_transport:version":"2","lines":["L3","L7","L12"]},"geometry":{"type":"Point","coordinates":[-5.8095007,35.750739]},"id":"node/4999164789"},{"type":"Feature","properties":{"@id":"node/4999169013","bus":"yes","highway":"bus_stop","name":"R. Point Hay Salam","network":"ISSAL TANGER","network:wikidata":"Q114666905","public_transport":"platform","lines":["L20"],"local_ref":"L20"},"geometry":{"type":"Point","coordinates":[-5.8058787,35.7419153]},"id":"node/4999169013"},{"type":"Feature","properties":{"@id":"node/4999706714","bus":"yes","highway":"bus_stop","local_ref":"LI5-L8-LI12-L14-L16-L20","name":"Tanja El Balia","network":"ISSAL TANGER","network:wikidata":"Q114666905","public_transport":"platform","public_transport:version":"2","lines":["LI5","L8","LI12","L14","L16","L20"]},"geometry":{"type":"Point","coordinates":[-5.7684749,35.7715386]},"id":"node/4999706714"},{"type":"Feature","properties":{"@id":"node/4999834707","bus":"yes","highway":"bus_stop","local_ref":"L2-L10-LI5","name":"Café Picasso","network":"ISSAL TANGER","network:wikidata":"Q114666905","public_transport":"platform","public_transport:version":"2","lines":["L2","L10","LI5"]},"geometry":{"type":"Point","coordinates":[-5.81201,35.7709501]},"id":"node/4999834707"},{"type":"Feature","properties":{"@id":"node/4999834708","bus":"yes","highway":"bus_stop","name":"Nejma 2","network":"ISSAL TANGER","network:wikidata":"Q114666905","public_transport":"platform","public_transport:version":"2","lines":["AE","L13","L14","L18"],"local_ref":"AE-L13-L14-L18"},"geometry":{"type":"Point","coordinates":[-5.800418,35.7749557]},"id":"node/4999834708"},{"type":"Feature","properties":{"@id":"node/4999834709","bus":"yes","highway":"bus_stop","name":"Nejma 2","network":"ISSAL TANGER","network:wikidata":"Q114666905","public_transport":"platform","public_transport:version":"2","lines":["AE","L13","L14","L18"],"local_ref":"AE-L13-L14-L18"},"geometry":{"type":"Point","coordinates":[-5.8006219,35.7750256]},"id":"node/4999834709"},{"type":"Feature","properties":{"@id":"node/5000037824","bus":"yes","highway":"bus_stop","name":"Consulat d'Espagne","network":"ISSAL TANGER","network:wikidata":"Q114666905","public_transport":"platform","public_transport:version":"2","lines":["L17","L2"],"local_ref":"L17-L2"},"geometry":{"type":"Point","coordinates":[-5.8239267,35.7802655]},"id":"node/5000037824"},{"type":"Feature","properties":{"@id":"node/5353087321","bus":"yes","highway":"bus_stop","name":"Plaza Toros بلاصة توروس","name:ar":"بلاصة توروس","name:es":"Plaza Toros","network":"ISSAL TANGER","network:wikidata":"Q114666905","public_transport":"platform","public_transport:version":"2","lines":["L18","LI16","LI7"],"local_ref":"L18-LI16-LI7"},"geometry":{"type":"Point","coordinates":[-5.79774,35.7649425]},"id":"node/5353087321"},{"type":"Feature","properties":{"@id":"node/5478134423","bus":"yes","highway":"bus_stop","local_ref":"L1-L1B-L3-L12-L14-L27","name":"Banque Populaire","public_transport":"platform","public_transport:version":"2","lines":["L1","L1B","L3","L12","L14","L27"],"network":"ISSAL TANGER"},"geometry":{"type":"Point","coordinates":[-5.7926297,35.772617]},"id":"node/5478134423"},{"type":"Feature","properties":{"@id":"node/5574996061","bus":"yes","highway":"bus_stop","name":"Croisement Jirari","network":"ISSAL TANGER","network:wikidata":"Q114666905","public_transport":"platform","lines":["L3","L7","L12"],"local_ref":"L3-L7-L12"},"geometry":{"type":"Point","coordinates":[-5.8083805,35.7483083]},"id":"node/5574996061"},{"type":"Feature","properties":{"@id":"node/5574996076","bus":"yes","highway":"bus_stop","name":"Hawma Al Aouda","network":"ISSAL TANGER","network:wikidata":"Q114666905","public_transport":"platform","lines":["LI6","L11"],"local_ref":"LI6-L11"},"geometry":{"type":"Point","coordinates":[-5.8079932,35.7462382]},"id":"node/5574996076"},{"type":"Feature","properties":{"@id":"node/5574996083","bus":"yes","highway":"bus_stop","local_ref":"L3-L7-L12","name":"Croisement Jirari","network":"ISSAL TANGER","network:wikidata":"Q114666905","public_transport":"platform","public_transport:version":"2","lines":["L3","L7","L12"]},"geometry":{"type":"Point","coordinates":[-5.8088894,35.748465]},"id":"node/5574996083"},{"type":"Feature","properties":{"@id":"node/5574996085","bus":"yes","highway":"bus_stop","local_ref":"L3-L7-L12","name":"Croisement Jirari","network":"ISSAL TANGER","network:wikidata":"Q114666905","public_transport":"platform","public_transport:version":"2","lines":["L3","L7","L12"]},"geometry":{"type":"Point","coordinates":[-5.8086639,35.7485054]},"id":"node/5574996085"},{"type":"Feature","properties":{"@id":"node/5582157895","bus":"yes","highway":"bus_stop","name":"R. Point Hay Salam","network":"ISSAL TANGER","network:wikidata":"Q114666905","public_transport":"platform","lines":["L20"],"local_ref":"L20"},"geometry":{"type":"Point","coordinates":[-5.806121,35.7418576]},"id":"node/5582157895"},{"type":"Feature","properties":{"@id":"node/6770156939","bus":"yes","highway":"bus_stop","local_ref":"L5-L6-L14-L17-L18","name":"Maison des Jeunes","name:ar":"دار الشباب","name:es":"Casa de Jóvenes","network":"ISSAL TANGER","network:wikidata":"Q114666905","public_transport":"platform","public_transport:version":"2","lines":["L5","L6","L14","L17","L18"]},"geometry":{"type":"Point","coordinates":[-5.8177371,35.7819216]},"id":"node/6770156939"},{"type":"Feature","properties":{"@id":"node/6771649558","bus":"yes","highway":"bus_stop","name":"Lycée Moulay Slimane","network":"ISSAL TANGER","network:wikidata":"Q114666905","public_transport":"platform","public_transport:version":"2","lines":["L17"],"local_ref":"L17"},"geometry":{"type":"Point","coordinates":[-5.8380946,35.7753985]},"id":"node/6771649558"},{"type":"Feature","properties":{"@id":"node/6799834079","bus":"yes","highway":"bus_stop","local_ref":"L2-L3-L6-L7-L9A-L10-L11-L12","name":"Iberia Severo","network":"ISSAL TANGER","network:wikidata":"Q114666905","operator":"ISSAL","public_transport":"platform","public_transport:version":"2","lines":["L2","L3","L6","L7","L9A","L10","L11","L12"]},"geometry":{"type":"Point","coordinates":[-5.8205467,35.7809058]},"id":"node/6799834079"},{"type":"Feature","properties":{"@id":"node/6799834083","bus":"yes","highway":"bus_stop","local_ref":"L2-L3-L7-L9A-L10-L11-L12","name":"Iberia Severo","network":"ISSAL TANGER","network:wikidata":"Q114666905","operator":"ISSAL","public_transport":"platform","public_transport:version":"2","lines":["L2","L3","L7","L9A","L10","L11","L12"]},"geometry":{"type":"Point","coordinates":[-5.8206808,35.7808809]},"id":"node/6799834083"},{"type":"Feature","properties":{"@id":"node/6801866261","bus":"yes","highway":"bus_stop","name":"Entrée de Mojhidine","network":"ISSAL TANGER","network:wikidata":"Q114666905","public_transport":"platform","public_transport:version":"2","lines":["L17"],"local_ref":"L17"},"geometry":{"type":"Point","coordinates":[-5.8343474,35.7788414]},"id":"node/6801866261"},{"type":"Feature","properties":{"@id":"node/6802758137","bus":"yes","highway":"bus_stop","name":"Place Roudani","public_transport":"platform","public_transport:version":"2","lines":["AE","L13","L14","L18"],"local_ref":"AE-L13-L14-L18","network":"ISSAL TANGER"},"geometry":{"type":"Point","coordinates":[-5.8005714,35.7752833]},"id":"node/6802758137"},{"type":"Feature","properties":{"@id":"node/6817292749","bus":"yes","highway":"bus_stop","name":"LI11   Casabarata","network":"ISSAL TANGER","network:wikidata":"Q114679539","public_transport":"platform","public_transport:version":"2","lines":["2A"],"local_ref":"2A"},"geometry":{"type":"Point","coordinates":[-5.8241794,35.7665676]},"id":"node/6817292749"},{"type":"Feature","properties":{"@id":"node/6828024149","bus":"yes","highway":"bus_stop","local_ref":"LI3-LI5-L8-LI12-L14-L16-L20","name":"Hawma El Oued","name:ar":"حومة الوادي","network":"ISSAL TANGER","network:wikidata":"Q114666905","public_transport":"platform","public_transport:version":"2","lines":["LI3","LI5","L8","LI12","L14","L16","L20"]},"geometry":{"type":"Point","coordinates":[-5.7594414,35.7703782]},"id":"node/6828024149"},{"type":"Feature","properties":{"@id":"node/6837354529","bus":"yes","highway":"bus_stop","local_ref":"L20-L22-L30","name":"Gare train","network":"ISSAL TANGER","network:wikidata":"Q114666905","operator":"ISSAL","public_transport":"platform","public_transport:version":"2","lines":["L20","L22","L30"]},"geometry":{"type":"Point","coordinates":[-5.7873702,35.7690697]},"id":"node/6837354529"},{"type":"Feature","properties":{"@id":"node/6840404106","bus":"yes","highway":"bus_stop","local_ref":"L20-L22-L30","name":"Mosquee El Fath","network":"ISSAL TANGER","network:wikidata":"Q114666905","operator":"ISSAL","public_transport":"platform","public_transport:version":"2","lines":["L20","L22","L30"]},"geometry":{"type":"Point","coordinates":[-5.7832108,35.7646346]},"id":"node/6840404106"},{"type":"Feature","properties":{"@id":"node/6944385485","bus":"yes","highway":"bus_stop","name":"Gare Ferrovaire","network":"ISSAL TANGER","network:wikidata":"Q114666905","operator":"ISSAL","public_transport":"platform","public_transport:version":"2","website":"https://www.alsa.ma/tanger","lines":["AE","L13","L14","L2","L20","L8","LI18","LI9"],"local_ref":"AE-L13-L14-L2-L20-L8-LI18-LI9"},"geometry":{"type":"Point","coordinates":[-5.7847076,35.7717477]},"id":"node/6944385485"},{"type":"Feature","properties":{"@id":"node/6978024685","bus":"yes","highway":"bus_stop","local_ref":"L1B-L2-L2A-L26","name":"Trail Atlas","network":"ISSAL TANGER","network:wikidata":"Q114666905","operator":"ISSAL","public_transport":"platform","public_transport:version":"2","lines":["L1B","L2","L2A","L26"]},"geometry":{"type":"Point","coordinates":[-5.8381484,35.763027]},"id":"node/6978024685"},{"type":"Feature","properties":{"@id":"node/7482850577","bus":"yes","highway":"bus_stop","local_ref":"L1-L1B-L3-L12-L14-L27","name":"Banque Populaire","public_transport":"platform","public_transport:version":"2","lines":["L1","L1B","L3","L12","L14","L27"],"network":"ISSAL TANGER"},"geometry":{"type":"Point","coordinates":[-5.7924221,35.7727647]},"id":"node/7482850577"},{"type":"Feature","properties":{"@id":"node/9918975048","addr:city":"Tanger طنجة","addr:postcode":"90045","addr:street":"boukhalef","bus":"yes","highway":"bus_stop","local_ref":"L1-L1B-L2-L20","name":"Café Elmrabet","name:fr":"Café Elmrabet","network":"ISSAL TANGER","network:wikidata":"Q114666905","operator":"alsa","public_transport":"platform","public_transport:version":"2","lines":["L1","L1B","L2","L20"]},"geometry":{"type":"Point","coordinates":[-5.8882407,35.7340211]},"id":"node/9918975048"},{"type":"Feature","properties":{"@id":"node/9918975049","addr:city":"Tanger طنجة","addr:postcode":"90045","addr:street":"boukhalef","bus":"yes","highway":"bus_stop","name":"Immeuble Elmrabet","network":"ISSAL TANGER","network:wikidata":"Q114666905","operator":"alsa","public_transport":"platform","public_transport:version":"2","lines":["L1","L1B","L2","L20","LI19"],"local_ref":"L1-L1B-L2-L20-LI19"},"geometry":{"type":"Point","coordinates":[-5.8830812,35.7339319]},"id":"node/9918975049"},{"type":"Feature","properties":{"@id":"node/9918975050","addr:city":"Tanger طنجة","addr:postcode":"90045","addr:street":"boukhalef","bus":"yes","highway":"bus_stop","name":"Immeuble Elmrabet","network":"ISSAL TANGER","network:wikidata":"Q114666905","operator":"alsa","public_transport":"platform","public_transport:version":"2","lines":["L1","L1B","L2","L20","LI19"],"local_ref":"L1-L1B-L2-L20-LI19"},"geometry":{"type":"Point","coordinates":[-5.8823644,35.7338969]},"id":"node/9918975050"},{"type":"Feature","properties":{"@id":"node/9918975051","addr:city":"Tanger طنجة","addr:postcode":"90045","addr:street":"boukhalef","bus":"yes","highway":"bus_stop","local_ref":"L1-L2-L20","name":"Boukhalef1","network":"ISSAL TANGER","network:wikidata":"Q114666905","operator":"alsa","public_transport":"platform","public_transport:version":"2","lines":["L1","L2","L20"]},"geometry":{"type":"Point","coordinates":[-5.8781877,35.7367724]},"id":"node/9918975051"},{"type":"Feature","properties":{"@id":"node/9918975052","addr:city":"Tanger طنجة","addr:postcode":"90045","addr:street":"boukhalef","bus":"yes","highway":"bus_stop","local_ref":"L1-L2-L20","name":"Boukhalef1","network":"ISSAL TANGER","network:wikidata":"Q114666905","operator":"alsa","public_transport":"platform","public_transport:version":"2","lines":["L1","L2","L20"]},"geometry":{"type":"Point","coordinates":[-5.8785437,35.7367447]},"id":"node/9918975052"},{"type":"Feature","properties":{"@id":"node/9918975053","addr:city":"Tanger طنجة","addr:postcode":"90045","addr:street":"boukhalef","bus":"yes","highway":"bus_stop","local_ref":"L1-L1B-L2","name":"Boukhalef2","network":"ISSAL TANGER","network:wikidata":"Q114666905","operator":"alsa","public_transport":"platform","public_transport:version":"2","lines":["L1","L1B","L2"]},"geometry":{"type":"Point","coordinates":[-5.8807114,35.7349176]},"id":"node/9918975053"},{"type":"Feature","properties":{"@id":"node/10049371901","bus":"yes","highway":"bus_stop","local_ref":"L1-L1B-L3","name":"Cinema Tarik","network":"ISSAL TANGER","network:wikidata":"Q114666905","operator":"ISSAL","public_transport":"platform","public_transport:version":"2","lines":["L1","L1B","L3"]},"geometry":{"type":"Point","coordinates":[-5.8106051,35.75422]},"id":"node/10049371901"},{"type":"Feature","properties":{"@id":"node/10049371902","bus":"yes","highway":"bus_stop","name":"Place Tafilalte","name:ar":"ساحة تافيلالت","network":"ISSAL TANGER","network:wikidata":"Q114666905","operator":"ISSAL","public_transport":"platform","lines":["L1","L1B"],"local_ref":"L1-L1B"},"geometry":{"type":"Point","coordinates":[-5.810665,35.756716]},"id":"node/10049371902"},{"type":"Feature","properties":{"@id":"node/10049409644","bus":"yes","highway":"bus_stop","name":"Mwadafin","network":"ISSAL TANGER","network:wikidata":"Q114666905","public_transport":"platform","public_transport:version":"2","lines":["AE","L1","LI10","LI11","LI17","LI18","LI2","LI9"],"local_ref":"AE-L1-LI10-LI11-LI17-LI18-LI2-LI9"},"geometry":{"type":"Point","coordinates":[-5.817696,35.7627668]},"id":"node/10049409644"},{"type":"Feature","properties":{"@id":"node/10049409645","bus":"yes","highway":"bus_stop","name":"Mwadafin","network":"ISSAL TANGER","network:wikidata":"Q114666905","public_transport":"platform","public_transport:version":"2","lines":["AE","L1","LI10","LI11","LI17","LI18","LI2","LI9"],"local_ref":"AE-L1-LI10-LI11-LI17-LI18-LI2-LI9"},"geometry":{"type":"Point","coordinates":[-5.8175065,35.7626387]},"id":"node/10049409645"},{"type":"Feature","properties":{"@id":"node/10049409646","bus":"yes","highway":"bus_stop","local_ref":"L1-LI10-LI17-LI2-LI11-LI9","name":"Ben Dibane","network":"ISSAL TANGER","network:wikidata":"Q114666905","public_transport":"platform","lines":["L1","LI10","LI17","LI2","LI11","LI9"]},"geometry":{"type":"Point","coordinates":[-5.8261176,35.7593671]},"id":"node/10049409646"},{"type":"Feature","properties":{"@id":"node/10049409647","bus":"yes","highway":"bus_stop","local_ref":"L1-LI10-LI17-LI2-LI11-LI9","name":"Ben Dibane","network":"ISSAL TANGER","network:wikidata":"Q114666905","public_transport":"platform","lines":["L1","LI10","LI17","LI2","LI11","LI9"]},"geometry":{"type":"Point","coordinates":[-5.8261108,35.7591081]},"id":"node/10049409647"},{"type":"Feature","properties":{"@id":"node/10049409648","bus":"yes","highway":"bus_stop","local_ref":"L1-LI2-LI8-L9A-LI9-LI10-LI11-L19-LI17-L20-L22","name":"Marjane","network":"ISSAL TANGER","network:wikidata":"Q114666905","public_transport":"platform","public_transport:version":"2","lines":["L1","LI2","LI8","L9A","LI9","LI10","LI11","L19","LI17","L20","L22"]},"geometry":{"type":"Point","coordinates":[-5.8427806,35.7460341]},"id":"node/10049409648"},{"type":"Feature","properties":{"@id":"node/10049409649","bus":"yes","highway":"bus_stop","local_ref":"L1-LI2-LI8-L9A-LI9-LI10-LI11-L19-LI17-L20-L22","name":"Marjane","network":"ISSAL TANGER","network:wikidata":"Q114666905","public_transport":"platform","public_transport:version":"2","lines":["L1","LI2","LI8","L9A","LI9","LI10","LI11","L19","LI17","L20","L22"]},"geometry":{"type":"Point","coordinates":[-5.8425739,35.7458877]},"id":"node/10049409649"},{"type":"Feature","properties":{"@id":"node/10049409660","bench":"yes","bus":"yes","highway":"bus_stop","local_ref":"L1-LI8-L22-L19-LI17-LI2-LI10-LI11-L20-LI9-L9A","name":"Coplexe Hassani","network":"ISSAL TANGER","network:wikidata":"Q114666905","public_transport":"platform","public_transport:version":"2","shelter":"yes","lines":["L1","LI8","L22","L19","LI17","LI2","LI10","LI11","L20","LI9","L9A"]},"geometry":{"type":"Point","coordinates":[-5.8553891,35.7378797]},"id":"node/10049409660"},{"type":"Feature","properties":{"@id":"node/10049409661","bench":"yes","bus":"yes","highway":"bus_stop","local_ref":"L1-LI8-L22-L19-LI17-LI2-LI10-LI11-L20-LI9-L9A","name":"Coplexe Hassani","network":"ISSAL TANGER","network:wikidata":"Q114666905","public_transport":"platform","public_transport:version":"2","shelter":"yes","lines":["L1","LI8","L22","L19","LI17","LI2","LI10","LI11","L20","LI9","L9A"]},"geometry":{"type":"Point","coordinates":[-5.8552794,35.7376469]},"id":"node/10049409661"},{"type":"Feature","properties":{"@id":"node/10049409682","bus":"yes","highway":"bus_stop","local_ref":"L1-LI8-L22-L19-LI17-LI2-LI10-LI11-L20-LI9-L9A","name":"Riad Assalam","network":"ISSAL TANGER","network:wikidata":"Q114666905","public_transport":"platform","public_transport:version":"2","lines":["L1","LI8","L22","L19","LI17","LI2","LI10","LI11","L20","LI9","L9A"]},"geometry":{"type":"Point","coordinates":[-5.8642428,35.7349214]},"id":"node/10049409682"},{"type":"Feature","properties":{"@id":"node/10049409683","bus":"yes","highway":"bus_stop","local_ref":"L1-LI8-L22-L19-LI17-LI2-LI10-LI11-L20-LI9-L9A","name":"Riad Assalam","network":"ISSAL TANGER","network:wikidata":"Q114666905","public_transport":"platform","public_transport:version":"2","lines":["L1","LI8","L22","L19","LI17","LI2","LI10","LI11","L20","LI9","L9A"]},"geometry":{"type":"Point","coordinates":[-5.8636564,35.7348577]},"id":"node/10049409683"},{"type":"Feature","properties":{"@id":"node/10049409791","bus":"yes","highway":"bus_stop","local_ref":"L1-LI2-LI8-L9A-LI10-LI11-LI9-L19-L20","name":"Residence Al Moustakbal","network":"ISSAL TANGER","network:wikidata":"Q114666905","operator":"ISSAL","public_transport":"platform","public_transport:version":"2","lines":["L1","LI2","LI8","L9A","LI10","LI11","LI9","L19","L20"]},"geometry":{"type":"Point","coordinates":[-5.8684864,35.7331554]},"id":"node/10049409791"},{"type":"Feature","properties":{"@id":"node/10049409793","bus":"yes","highway":"bus_stop","local_ref":"L1-LI2-LI8-L9A-LI10-LI11-LI9-L19-L20-L30","name":"Al Moustakbal","network":"ISSAL TANGER","network:wikidata":"Q114666905","public_transport":"platform","public_transport:version":"2","lines":["L1","LI2","LI8","L9A","LI10","LI11","LI9","L19","L20","L30"]},"geometry":{"type":"Point","coordinates":[-5.8731853,35.7316783]},"id":"node/10049409793"},{"type":"Feature","properties":{"@id":"node/10049409795","bus":"yes","highway":"bus_stop","local_ref":"L1-L20-L30","name":"Aswak Assalam","network":"ISSAL TANGER","network:wikidata":"Q114666905","public_transport":"platform","public_transport:version":"2","lines":["L1","L20","L30"]},"geometry":{"type":"Point","coordinates":[-5.8749703,35.7377765]},"id":"node/10049409795"},{"type":"Feature","properties":{"@id":"node/10049409796","bus":"yes","highway":"bus_stop","local_ref":"L1-L20-L30","name":"zemmouri 4","network":"ISSAL TANGER","network:wikidata":"Q114666905","public_transport":"platform","public_transport:version":"2","lines":["L1","L20","L30"]},"geometry":{"type":"Point","coordinates":[-5.8739598,35.7358704]},"id":"node/10049409796"},{"type":"Feature","properties":{"@id":"node/10049409829","bench":"yes","bin":"no","bus":"yes","highway":"bus_stop","lit":"yes","local_ref":"L1-LI2-LI11-LI8-L9A-L19-LI9-LI10-LI17","name":"Azib Haj Kadour","network":"ISSAL TANGER","network:wikidata":"Q114666905","public_transport":"platform","shelter":"yes","lines":["L1","LI2","LI11","LI8","L9A","L19","LI9","LI10","LI17"]},"geometry":{"type":"Point","coordinates":[-5.8369562,35.7498927]},"id":"node/10049409829"},{"type":"Feature","properties":{"@id":"node/10049409830","bench":"no","bin":"no","bus":"yes","highway":"bus_stop","lit":"yes","local_ref":"L1-LI2-LI11-LI8-L9A-L19-LI9-LI10-LI17","name":"Azib Haj Kadour","network":"ISSAL TANGER","network:wikidata":"Q114666905","public_transport":"platform","shelter":"no","lines":["L1","LI2","LI11","LI8","L9A","L19","LI9","LI10","LI17"]},"geometry":{"type":"Point","coordinates":[-5.8370174,35.7501517]},"id":"node/10049409830"},{"type":"Feature","properties":{"@id":"node/10049409831","bus":"yes","highway":"bus_stop","local_ref":"L1-LI17-LI2-LI11-L9A-L19-LI9-LI8-LI10","name":"Residence Zemouri","network":"ISSAL TANGER","network:wikidata":"Q114666905","public_transport":"platform","lines":["L1","LI17","LI2","LI11","L9A","L19","LI9","LI8","LI10"]},"geometry":{"type":"Point","coordinates":[-5.8335145,35.7520684]},"id":"node/10049409831"},{"type":"Feature","properties":{"@id":"node/10049409832","bus":"yes","highway":"bus_stop","local_ref":"L1-LI17-LI2-LI11-L9A-L19-LI9-LI8-LI10","name":"Residence Zemouri","network":"ISSAL TANGER","network:wikidata":"Q114666905","public_transport":"platform","lines":["L1","LI17","LI2","LI11","L9A","L19","LI9","LI8","LI10"]},"geometry":{"type":"Point","coordinates":[-5.8337009,35.7521399]},"id":"node/10049409832"},{"type":"Feature","properties":{"@id":"node/10049902983","bus":"yes","highway":"bus_stop","local_ref":"L2-L8-LI9","name":"Charf","network":"ISSAL TANGER","network:wikidata":"Q114666905","public_transport":"platform","public_transport:version":"2","lines":["L2","L8","LI9"]},"geometry":{"type":"Point","coordinates":[-5.7934327,35.7719807]},"id":"node/10049902983"},{"type":"Feature","properties":{"@id":"node/10049902984","bus":"yes","highway":"bus_stop","local_ref":"L2-L8-LI9","name":"Charf","network":"ISSAL TANGER","network:wikidata":"Q114666905","public_transport":"platform","public_transport:version":"2","lines":["L2","L8","LI9"]},"geometry":{"type":"Point","coordinates":[-5.7932623,35.7718355]},"id":"node/10049902984"},{"type":"Feature","properties":{"@id":"node/10049902986","bus":"yes","highway":"bus_stop","local_ref":"L2-L16-L8-L13-LI13-LI24-LI9-LI4","name":"Place Mozart","name:ar":"ساحة موتسارت","network":"ISSAL TANGER","network:wikidata":"Q114666905","public_transport":"platform","public_transport:version":"2","lines":["L2","L16","L8","L13","LI13","LI24","LI9","LI4"]},"geometry":{"type":"Point","coordinates":[-5.7960241,35.771692]},"id":"node/10049902986"},{"type":"Feature","properties":{"@id":"node/10049966394","bus":"yes","highway":"bus_stop","local_ref":"L2-L8-LI9-L13-L16-L18","name":"Riad Tétouan رياض تطوان","name:ar":"رياض تطوان","name:fr":"Riad Tétouan","network":"ISSAL TANGER","network:wikidata":"Q114666905","public_transport":"platform","public_transport:version":"2","lines":["L2","L8","LI9","L13","L16","L18"]},"geometry":{"type":"Point","coordinates":[-5.8022084,35.7704008]},"id":"node/10049966394"},{"type":"Feature","properties":{"@id":"node/10049966395","bus":"yes","highway":"bus_stop","local_ref":"L2-L8-LI9-L13-L16-L18","name":"Riad Tétouan رياض تطوان","name:ar":"رياض تطوان","name:fr":"Riad Tétouan","network":"ISSAL TANGER","network:wikidata":"Q114666905","public_transport":"platform","public_transport:version":"2","lines":["L2","L8","LI9","L13","L16","L18"]},"geometry":{"type":"Point","coordinates":[-5.8021782,35.7701976]},"id":"node/10049966395"},{"type":"Feature","properties":{"@id":"node/10049966548","bus":"yes","highway":"bus_stop","local_ref":"2","name":"Arrondisment","network":"ISSAL TANGER","network:wikidata":"Q114666905","public_transport":"platform","public_transport:version":"2","lines":["2"]},"geometry":{"type":"Point","coordinates":[-5.8288338,35.7755464]},"id":"node/10049966548"},{"type":"Feature","properties":{"@id":"node/10049966549","bus":"yes","highway":"bus_stop","local_ref":"2","name":"Abre Val Fleuri","network":"ISSAL TANGER","network:wikidata":"Q114666905","public_transport":"platform","public_transport:version":"2","lines":["2"]},"geometry":{"type":"Point","coordinates":[-5.8313964,35.7705814]},"id":"node/10049966549"},{"type":"Feature","properties":{"@id":"node/10049966550","bus":"yes","highway":"bus_stop","local_ref":"2","name":"Traiteur Rahal","network":"ISSAL TANGER","network:wikidata":"Q114666905","public_transport":"platform","public_transport:version":"2","lines":["2"]},"geometry":{"type":"Point","coordinates":[-5.8327694,35.7684941]},"id":"node/10049966550"},{"type":"Feature","properties":{"@id":"node/10049966551","bus":"yes","highway":"bus_stop","local_ref":"L1B-L2-L26","name":"Poste De Police","network":"ISSAL TANGER","network:wikidata":"Q114666905","operator":"ISSAL","public_transport":"platform","public_transport:version":"2","lines":["L1B","L2","L26"]},"geometry":{"type":"Point","coordinates":[-5.8347818,35.7658125]},"id":"node/10049966551"},{"type":"Feature","properties":{"@id":"node/10049966552","bus":"yes","highway":"bus_stop","local_ref":"L1B-L2-L2A-L26","name":"Trail Atlas","network":"ISSAL TANGER","network:wikidata":"Q114666905","operator":"ISSAL","public_transport":"platform","public_transport:version":"2","lines":["L1B","L2","L2A","L26"]},"geometry":{"type":"Point","coordinates":[-5.838282,35.7631706]},"id":"node/10049966552"},{"type":"Feature","properties":{"@id":"node/10049966553","bus":"yes","highway":"bus_stop","local_ref":"L1B-L2-L2A-L26","name":"Station Afriquia","network":"ISSAL TANGER","network:wikidata":"Q114666905","operator":"ISSAL","public_transport":"platform","public_transport:version":"2","lines":["L1B","L2","L2A","L26"]},"geometry":{"type":"Point","coordinates":[-5.8404303,35.7612779]},"id":"node/10049966553"},{"type":"Feature","properties":{"@id":"node/10049966554","bus":"yes","highway":"bus_stop","local_ref":"L1B-2-2A-L26","name":"Prison Tanger","network":"ISSAL TANGER","network:wikidata":"Q114666905","operator":"ISSAL","public_transport":"platform","public_transport:version":"2","lines":["L1B","2","2A","L26"]},"geometry":{"type":"Point","coordinates":[-5.8432492,35.7589897]},"id":"node/10049966554"},{"type":"Feature","properties":{"@id":"node/10049966555","bus":"yes","highway":"bus_stop","local_ref":"L1B-2-2A-L26","name":"Prison Tanger","network":"ISSAL TANGER","network:wikidata":"Q114666905","operator":"ISSAL","public_transport":"platform","public_transport:version":"2","lines":["L1B","2","2A","L26"]},"geometry":{"type":"Point","coordinates":[-5.8433572,35.7591319]},"id":"node/10049966555"},{"type":"Feature","properties":{"@id":"node/10049966580","bus":"yes","highway":"bus_stop","local_ref":"L1B-L2-L2A-L21-L26","name":"E.N.C.G.","network":"ISSAL TANGER","network:wikidata":"Q114679539","public_transport":"platform","lines":["L1B","L2","L2A","L21","L26"]},"geometry":{"type":"Point","coordinates":[-5.8465094,35.7571351]},"id":"node/10049966580"},{"type":"Feature","properties":{"@id":"node/10049966581","bus":"yes","highway":"bus_stop","local_ref":"L1B-L2-L2A-L21-L26","name":"E.N.C.G.","network":"ISSAL TANGER","network:wikidata":"Q114679539","public_transport":"platform","lines":["L1B","L2","L2A","L21","L26"]},"geometry":{"type":"Point","coordinates":[-5.8466377,35.7573073]},"id":"node/10049966581"},{"type":"Feature","properties":{"@id":"node/10049966649","bus":"yes","highway":"bus_stop","local_ref":"L1B-L2-L2A-L21-L26","name":"Mesnana","network":"ISSAL TANGER","network:wikidata":"Q114679539","public_transport":"platform","public_transport:version":"2","lines":["L1B","L2","L2A","L21","L26"]},"geometry":{"type":"Point","coordinates":[-5.85178,35.7527687]},"id":"node/10049966649"},{"type":"Feature","properties":{"@id":"node/10049966650","bus":"yes","highway":"bus_stop","local_ref":"L1B-L2-L2A-L21-L26","name":"Maison de Press","network":"ISSAL TANGER","network:wikidata":"Q114679539","public_transport":"platform","public_transport:version":"2","lines":["L1B","L2","L2A","L21","L26"]},"geometry":{"type":"Point","coordinates":[-5.8575554,35.748792]},"id":"node/10049966650"},{"type":"Feature","properties":{"@id":"node/10049966651","bus":"yes","highway":"bus_stop","local_ref":"L1B-L2-L2A-L21-L26","name":"Maison de Press","network":"ISSAL TANGER","network:wikidata":"Q114679539","public_transport":"platform","public_transport:version":"2","lines":["L1B","L2","L2A","L21","L26"]},"geometry":{"type":"Point","coordinates":[-5.8574139,35.7491861]},"id":"node/10049966651"},{"type":"Feature","properties":{"@id":"node/10049966652","bus":"yes","highway":"bus_stop","local_ref":"L1B-L2-L2A-L21-L26","name":"Stade Ibn Batouta","network":"ISSAL TANGER","network:wikidata":"Q114679539","public_transport":"platform","lines":["L1B","L2","L2A","L21","L26"]},"geometry":{"type":"Point","coordinates":[-5.8616489,35.7460639]},"id":"node/10049966652"},{"type":"Feature","properties":{"@id":"node/10049966653","bus":"yes","highway":"bus_stop","local_ref":"L1B-L2-L2A-L21-L26","name":"Stade Ibn Batouta","network":"ISSAL TANGER","network:wikidata":"Q114679539","public_transport":"platform","lines":["L1B","L2","L2A","L21","L26"]},"geometry":{"type":"Point","coordinates":[-5.8613879,35.7459542]},"id":"node/10049966653"},{"type":"Feature","properties":{"@id":"node/10049998694","bus":"yes","highway":"bus_stop","local_ref":"L3-L4B-L6-L7-L9A-L10-L11-L12","name":"Iberia إيبريا","name:ar":"إيبريا","name:es":"Iberia","network":"ISSAL TANGER","network:wikidata":"Q114666905","operator":"ISSAL","public_transport":"platform","public_transport:version":"2","lines":["L3","L4B","L6","L7","L9A","L10","L11","L12"]},"geometry":{"type":"Point","coordinates":[-5.8227421,35.7841165]},"id":"node/10049998694"},{"type":"Feature","properties":{"@id":"node/10049999120","bus":"yes","highway":"bus_stop","local_ref":"L1B-L2-L2A-L21-L26","name":"El Bir","network":"ISSAL TANGER","network:wikidata":"Q114679539","public_transport":"platform","lines":["L1B","L2","L2A","L21","L26"]},"geometry":{"type":"Point","coordinates":[-5.8656063,35.743215]},"id":"node/10049999120"},{"type":"Feature","properties":{"@id":"node/10049999121","bus":"yes","highway":"bus_stop","local_ref":"L1B-L2-L2A-L21-L26","name":"El Bir","network":"ISSAL TANGER","network:wikidata":"Q114679539","public_transport":"platform","lines":["L1B","L2","L2A","L21","L26"]},"geometry":{"type":"Point","coordinates":[-5.865889,35.7433142]},"id":"node/10049999121"},{"type":"Feature","properties":{"@id":"node/10049999174","bus":"yes","highway":"bus_stop","local_ref":"L1-L1B-L2-L2A-L21-L26","name":"Aswak Assalam","network":"ISSAL TANGER","network:wikidata":"Q114666905","public_transport":"platform","public_transport:version":"2","lines":["L1","L1B","L2","L2A","L21","L26"]},"geometry":{"type":"Point","coordinates":[-5.8741516,35.7390549]},"id":"node/10049999174"},{"type":"Feature","properties":{"@id":"node/10049999259","bus":"yes","highway":"bus_stop","local_ref":"L1-L1B-L2-L20","name":"Café Elmrabet","name:fr":"Café Elmrabet","network":"ISSAL TANGER","network:wikidata":"Q114666905","public_transport":"platform","public_transport:version":"2","lines":["L1","L1B","L2","L20"]},"geometry":{"type":"Point","coordinates":[-5.8881367,35.7341902]},"id":"node/10049999259"},{"type":"Feature","properties":{"@id":"node/10050072484","bus":"yes","highway":"bus_stop","local_ref":"L1B-L3-L7-L11-L12-L27","name":"Castilla Bvd. Mly. Soulayman","network":"ISSAL TANGER","network:wikidata":"Q114666905","public_transport":"platform","public_transport:version":"2","lines":["L1B","L3","L7","L11","L12","L27"]},"geometry":{"type":"Point","coordinates":[-5.8142583,35.7665391]},"id":"node/10050072484"},{"type":"Feature","properties":{"@id":"node/10050072485","bus":"yes","highway":"bus_stop","local_ref":"L1B-L3-L7-L11-L12-L27","name":"Castilla Bvd. Mly. Soulayman","network":"ISSAL TANGER","network:wikidata":"Q114666905","public_transport":"platform","public_transport:version":"2","lines":["L1B","L3","L7","L11","L12","L27"]},"geometry":{"type":"Point","coordinates":[-5.8140501,35.7666818]},"id":"node/10050072485"},{"type":"Feature","properties":{"@id":"node/10050112031","bus":"yes","highway":"bus_stop","local_ref":"L5;L17","name":"Mosquee Mohamed V","network":"ISSAL TANGER","network:wikidata":"Q114666905","operator":"ISSAL","public_transport":"platform","lines":["L5;L17"]},"geometry":{"type":"Point","coordinates":[-5.8212196,35.781321]},"id":"node/10050112031"},{"type":"Feature","properties":{"@id":"node/10050112033","bus":"yes","highway":"bus_stop","name":"Mosquee Mohamed V","network":"ISSAL TANGER","network:wikidata":"Q114666905","operator":"ISSAL","public_transport":"platform","lines":["L5"],"local_ref":"L5"},"geometry":{"type":"Point","coordinates":[-5.8200287,35.7816035]},"id":"node/10050112033"},{"type":"Feature","properties":{"@id":"node/10050112034","bus":"yes","highway":"bus_stop","local_ref":"L5","name":"Mosquee Mohamed V","network":"ISSAL TANGER","network:wikidata":"Q114666905","operator":"ISSAL","public_transport":"platform","public_transport:version":"2","lines":["L5"]},"geometry":{"type":"Point","coordinates":[-5.8200383,35.7813659]},"id":"node/10050112034"},{"type":"Feature","properties":{"@id":"node/10050114657","bus":"yes","highway":"bus_stop","local_ref":"L4-L4B-L21","name":"Cimetière Chrétien","network":"ISSAL TANGER","network:wikidata":"Q114666905","operator":"ISSAL","public_transport":"platform","public_transport:version":"2","lines":["L4","L4B","L21"]},"geometry":{"type":"Point","coordinates":[-5.8429567,35.7805396]},"id":"node/10050114657"},{"type":"Feature","properties":{"@id":"node/10050114658","bus":"yes","highway":"bus_stop","name":"Palais Royal 1","name:fr":"Palais Royal 1","network":"ISSAL TANGER","network:wikidata":"Q114666905","public_transport":"platform","public_transport:version":"2","lines":["L4","L17"],"local_ref":"L4-L17"},"geometry":{"type":"Point","coordinates":[-5.8485106,35.7912136]},"id":"node/10050114658"},{"type":"Feature","properties":{"@id":"node/10050114660","bus":"yes","highway":"bus_stop","name":"Palais Royal 2","name:fr":"Palais Royal 2","network":"ISSAL TANGER","network:wikidata":"Q114666905","public_transport":"platform","public_transport:version":"2","lines":["L17","L26"],"local_ref":"L17-L26"},"geometry":{"type":"Point","coordinates":[-5.8518804,35.7894168]},"id":"node/10050114660"},{"type":"Feature","properties":{"@id":"node/10052329521","bus":"yes","highway":"bus_stop","name":"Achnad","network":"ISSAL TANGER","network:wikidata":"Q114666905","public_transport":"platform","lines":["L3","L11","LI11"],"local_ref":"L3-L11-LI11"},"geometry":{"type":"Point","coordinates":[-5.8316072,35.7389843]},"id":"node/10052329521"},{"type":"Feature","properties":{"@id":"node/10052329537","bus":"yes","highway":"bus_stop","name":"Pharmacie Makarim","network":"ISSAL TANGER","network:wikidata":"Q114666905","public_transport":"platform","lines":["L3","L11","LI11"],"local_ref":"L3-L11-LI11"},"geometry":{"type":"Point","coordinates":[-5.8312022,35.7411389]},"id":"node/10052329537"},{"type":"Feature","properties":{"@id":"node/10052329539","bus":"yes","highway":"bus_stop","name":"Ecole 18 Novembre","network":"ISSAL TANGER","network:wikidata":"Q114666905","public_transport":"platform","public_transport:version":"2","lines":["L3","L11","LI11"],"local_ref":"L3-L11-LI11"},"geometry":{"type":"Point","coordinates":[-5.8299521,35.7451635]},"id":"node/10052329539"},{"type":"Feature","properties":{"@id":"node/10052329548","bus":"yes","highway":"bus_stop","name":"Hawma Sedam","network":"ISSAL TANGER","network:wikidata":"Q114666905","public_transport":"platform","lines":["L3","L11","LI11"],"local_ref":"L3-L11-LI11"},"geometry":{"type":"Point","coordinates":[-5.8291252,35.7480402]},"id":"node/10052329548"},{"type":"Feature","properties":{"@id":"node/10052329549","bus":"yes","highway":"bus_stop","name":"Hawma Sedam","network":"ISSAL TANGER","network:wikidata":"Q114666905","public_transport":"platform","lines":["L3","L11","LI11"],"local_ref":"L3-L11-LI11"},"geometry":{"type":"Point","coordinates":[-5.8287863,35.7480989]},"id":"node/10052329549"},{"type":"Feature","properties":{"@id":"node/10052329553","bus":"yes","highway":"bus_stop","name":"Hôpital Mohammed VI","network":"ISSAL TANGER","network:wikidata":"Q114666905","public_transport":"platform","lines":["L3","L11","LI11"],"local_ref":"L3-L11-LI11"},"geometry":{"type":"Point","coordinates":[-5.829039,35.7513451]},"id":"node/10052329553"},{"type":"Feature","properties":{"@id":"node/10052329554","bus":"yes","highway":"bus_stop","name":"Dar Mouigna","network":"ISSAL TANGER","network:wikidata":"Q114666905","public_transport":"platform","lines":["L3","L11","LI11"],"local_ref":"L3-L11-LI11"},"geometry":{"type":"Point","coordinates":[-5.8281385,35.7539111]},"id":"node/10052329554"},{"type":"Feature","properties":{"@id":"node/10052329555","bus":"yes","highway":"bus_stop","name":"Hôpital Mohammed VI","network":"ISSAL TANGER","network:wikidata":"Q114666905","public_transport":"platform","lines":["L3","L11","LI11"],"local_ref":"L3-L11-LI11"},"geometry":{"type":"Point","coordinates":[-5.8291957,35.7515104]},"id":"node/10052329555"},{"type":"Feature","properties":{"@id":"node/10052329556","bus":"yes","highway":"bus_stop","name":"Ecole Imam Boukhari","name:ar":"مدرسة الإمام البخاري","network":"ISSAL TANGER","network:wikidata":"Q114666905","public_transport":"platform","lines":["L3","L11"],"local_ref":"L3-L11"},"geometry":{"type":"Point","coordinates":[-5.8247338,35.7566096]},"id":"node/10052329556"},{"type":"Feature","properties":{"@id":"node/10052329562","bus":"yes","highway":"bus_stop","name":"Pont Ben Diban","network":"ISSAL TANGER","network:wikidata":"Q114666905","public_transport":"platform","public_transport:version":"2","lines":["L23"],"local_ref":"L23"},"geometry":{"type":"Point","coordinates":[-5.8226071,35.7585929]},"id":"node/10052329562"},{"type":"Feature","properties":{"@id":"node/10052329569","bus":"yes","highway":"bus_stop","local_ref":"L6-L14","name":"Hopital Italien","network":"ISSAL TANGER","network:wikidata":"Q114666905","public_transport":"platform","public_transport:version":"2","lines":["L6","L14"]},"geometry":{"type":"Point","coordinates":[-5.8213591,35.7842756]},"id":"node/10052329569"},{"type":"Feature","properties":{"@id":"node/10052493262","bus":"yes","highway":"bus_stop","name":"Ecole El Farabi","name:ar":"مدرسة الفارابي","network":"ISSAL TANGER","network:wikidata":"Q114666905","public_transport":"platform","public_transport:version":"2","lines":["LI6","L11"],"local_ref":"LI6-L11"},"geometry":{"type":"Point","coordinates":[-5.8137282,35.748681]},"id":"node/10052493262"},{"type":"Feature","properties":{"@id":"node/10052493263","bus":"yes","highway":"bus_stop","name":"Ecole El Farabi","name:ar":"مدرسة الفارابي","network":"ISSAL TANGER","network:wikidata":"Q114666905","public_transport":"platform","public_transport:version":"2","lines":["LI6","L11"],"local_ref":"LI6-L11"},"geometry":{"type":"Point","coordinates":[-5.8135673,35.7488736]},"id":"node/10052493263"},{"type":"Feature","properties":{"@id":"node/10052493264","bus":"yes","highway":"bus_stop","name":"Amendis Bir Chifa","network":"ISSAL TANGER","network:wikidata":"Q114666905","public_transport":"platform","public_transport:version":"2","lines":["LI6","L11"],"local_ref":"LI6-L11"},"geometry":{"type":"Point","coordinates":[-5.8167267,35.7463935]},"id":"node/10052493264"},{"type":"Feature","properties":{"@id":"node/10052493265","bus":"yes","highway":"bus_stop","name":"Amendis Bir Chifa","network":"ISSAL TANGER","network:wikidata":"Q114666905","public_transport":"platform","public_transport:version":"2","lines":["LI6","L11"],"local_ref":"LI6-L11"},"geometry":{"type":"Point","coordinates":[-5.816861,35.7464498]},"id":"node/10052493265"},{"type":"Feature","properties":{"@id":"node/10052493288","bus":"yes","highway":"bus_stop","name":"Ecole Bir Chifa","network":"ISSAL TANGER","network:wikidata":"Q114666905","public_transport":"platform","public_transport:version":"2","lines":["L20"],"local_ref":"L20"},"geometry":{"type":"Point","coordinates":[-5.8181749,35.7436578]},"id":"node/10052493288"},{"type":"Feature","properties":{"@id":"node/10052493315","bus":"yes","highway":"bus_stop","name":"Masjid Bani yussef","network":"ISSAL TANGER","network:wikidata":"Q114666905","public_transport":"platform","public_transport:version":"2","lines":["L20"],"local_ref":"L20"},"geometry":{"type":"Point","coordinates":[-5.8202089,35.7432053]},"id":"node/10052493315"},{"type":"Feature","properties":{"@id":"node/10052493318","bus":"yes","highway":"bus_stop","name":"Souika","network":"ISSAL TANGER","network:wikidata":"Q114666905","public_transport":"platform","public_transport:version":"2","lines":["L20"],"local_ref":"L20"},"geometry":{"type":"Point","coordinates":[-5.824326,35.743003]},"id":"node/10052493318"},{"type":"Feature","properties":{"@id":"node/10052493325","bus":"yes","highway":"bus_stop","name":"AttijariWafa Bank","network":"ISSAL TANGER","network:wikidata":"Q114666905","public_transport":"platform","public_transport:version":"2","lines":["L20"],"local_ref":"L20"},"geometry":{"type":"Point","coordinates":[-5.8330461,35.7447757]},"id":"node/10052493325"},{"type":"Feature","properties":{"@id":"node/10052493326","bus":"yes","highway":"bus_stop","name":"AttijariWafa Bank","network":"ISSAL TANGER","network:wikidata":"Q114666905","public_transport":"platform","public_transport:version":"2","lines":["L20"],"local_ref":"L20"},"geometry":{"type":"Point","coordinates":[-5.8332563,35.7446207]},"id":"node/10052493326"},{"type":"Feature","properties":{"@id":"node/10052493331","bus":"yes","highway":"bus_stop","local_ref":"L7-L20-L22","name":"Hotel Ahlan","network":"ISSAL TANGER","network:wikidata":"Q114666905","public_transport":"platform","public_transport:version":"2","lines":["L7","L20","L22"]},"geometry":{"type":"Point","coordinates":[-5.8399109,35.7472083]},"id":"node/10052493331"},{"type":"Feature","properties":{"@id":"node/10052493332","bench":"yes","bin":"yes","bus":"yes","highway":"bus_stop","lit":"yes","local_ref":"L7-L20-L22","name":"Hotel Ahlan","network":"ISSAL TANGER","network:wikidata":"Q114666905","public_transport":"platform","public_transport:version":"2","shelter":"yes","lines":["L7","L20","L22"]},"geometry":{"type":"Point","coordinates":[-5.8401927,35.7471256]},"id":"node/10052493332"},{"type":"Feature","properties":{"@id":"node/10052523920","bus":"yes","highway":"bus_stop","name":"Bir Chifa","network":"ISSAL TANGER","network:wikidata":"Q114666905","public_transport":"platform","public_transport:version":"2","lines":["L20"],"local_ref":"L20"},"geometry":{"type":"Point","coordinates":[-5.8277328,35.7430192]},"id":"node/10052523920"},{"type":"Feature","properties":{"@id":"node/10052523922","bus":"yes","highway":"bus_stop","name":"Masjid Bani yussef","network":"ISSAL TANGER","network:wikidata":"Q114666905","public_transport":"platform","public_transport:version":"2","lines":["L20"],"local_ref":"L20"},"geometry":{"type":"Point","coordinates":[-5.820129,35.743137]},"id":"node/10052523922"},{"type":"Feature","properties":{"@id":"node/10052523923","bus":"yes","highway":"bus_stop","name":"Ecole Bir Chifa","network":"ISSAL TANGER","network:wikidata":"Q114666905","public_transport":"platform","public_transport:version":"2","lines":["L20"],"local_ref":"L20"},"geometry":{"type":"Point","coordinates":[-5.8180753,35.7435634]},"id":"node/10052523923"},{"type":"Feature","properties":{"@id":"node/10052523957","bus":"yes","highway":"bus_stop","local_ref":"L7-LI1-L11-LI6-L12","name":"Hammam","network":"ISSAL TANGER","network:wikidata":"Q114666905","public_transport":"platform","lines":["L7","LI1","L11","LI6","L12"]},"geometry":{"type":"Point","coordinates":[-5.8053589,35.753641]},"id":"node/10052523957"},{"type":"Feature","properties":{"@id":"node/10052523959","bus":"yes","highway":"bus_stop","name":"BMCE","network":"ISSAL TANGER","network:wikidata":"Q114666905","public_transport":"platform","lines":["LI6"],"local_ref":"LI6"},"geometry":{"type":"Point","coordinates":[-5.802011,35.7597304]},"id":"node/10052523959"},{"type":"Feature","properties":{"@id":"node/10052523962","bus":"yes","highway":"bus_stop","local_ref":"LI1-LI6-L7-L11-L12","name":"Hôtel de Ville","network":"ISSAL TANGER","network:wikidata":"Q114666905","public_transport":"platform","lines":["LI1","LI6","L7","L11","L12"]},"geometry":{"type":"Point","coordinates":[-5.8050973,35.7668121]},"id":"node/10052523962"},{"type":"Feature","properties":{"@id":"node/10052530995","bus":"yes","highway":"bus_stop","local_ref":"L4B-L4-L9A-L10-L11","name":"Ain Hiyani","network":"ISSAL TANGER","network:wikidata":"Q114666905","operator":"ISSAL","public_transport":"platform","public_transport:version":"2","lines":["L4B","L4","L9A","L10","L11"]},"geometry":{"type":"Point","coordinates":[-5.8283216,35.7855265]},"id":"node/10052530995"},{"type":"Feature","properties":{"@id":"node/10052530996","bus":"yes","highway":"bus_stop","local_ref":"L4B-L4-L9A-L11-L12","name":"Bmce","network":"ISSAL TANGER","network:wikidata":"Q114666905","operator":"ISSAL","public_transport":"platform","public_transport:version":"2","lines":["L4B","L4","L9A","L11","L12"]},"geometry":{"type":"Point","coordinates":[-5.8241449,35.7849898]},"id":"node/10052530996"},{"type":"Feature","properties":{"@id":"node/10052530997","bus":"yes","highway":"bus_stop","local_ref":"L10-L18","name":"Riad Tétouan","network":"ISSAL TANGER","network:wikidata":"Q114666905","public_transport":"platform","public_transport:version":"2","lines":["L10","L18"]},"geometry":{"type":"Point","coordinates":[-5.802491,35.7692316]},"id":"node/10052530997"},{"type":"Feature","properties":{"@id":"node/10052530998","bus":"yes","highway":"bus_stop","local_ref":"L10-L18","name":"Riad Tétouan","network":"ISSAL TANGER","network:wikidata":"Q114666905","public_transport":"platform","public_transport:version":"2","lines":["L10","L18"]},"geometry":{"type":"Point","coordinates":[-5.8022691,35.7694095]},"id":"node/10052530998"},{"type":"Feature","properties":{"@id":"node/10052574127","bus":"yes","highway":"bus_stop","local_ref":"LI4-LI7-L10-L13-LI13-LI16-L23-LI24","name":"Entree Mghoga","network":"ISSAL TANGER","network:wikidata":"Q114666905","public_transport":"platform","public_transport:version":"2","lines":["LI4","LI7","L10","L13","LI13","LI16","L23","LI24"]},"geometry":{"type":"Point","coordinates":[-5.7867836,35.748875]},"id":"node/10052574127"},{"type":"Feature","properties":{"@id":"node/10052574128","bus":"yes","highway":"bus_stop","local_ref":"LI4-LI7-L10-LI13-L13-LI16-L23-LI24","name":"Police Mghoga","network":"ISSAL TANGER","network:wikidata":"Q114666905","public_transport":"platform","lines":["LI4","LI7","L10","LI13","L13","LI16","L23","LI24"]},"geometry":{"type":"Point","coordinates":[-5.7793582,35.7439265]},"id":"node/10052574128"},{"type":"Feature","properties":{"@id":"node/10052574129","bus":"yes","highway":"bus_stop","local_ref":"LI4-LI7-L10-LI13-L13-LI16-L23-LI24","name":"Police Mghoga","network":"ISSAL TANGER","network:wikidata":"Q114666905","public_transport":"platform","lines":["LI4","LI7","L10","LI13","L13","LI16","L23","LI24"]},"geometry":{"type":"Point","coordinates":[-5.7795729,35.7438013]},"id":"node/10052574129"},{"type":"Feature","properties":{"@id":"node/10052574131","bus":"yes","highway":"bus_stop","local_ref":"LI4-LI7-L10-LI13-L13-LI16-L23-LI24","name":"Pocargil","network":"ISSAL TANGER","network:wikidata":"Q114666905","public_transport":"platform","lines":["LI4","LI7","L10","LI13","L13","LI16","L23","LI24"]},"geometry":{"type":"Point","coordinates":[-5.7741712,35.7408632]},"id":"node/10052574131"},{"type":"Feature","properties":{"@id":"node/10053300200","bus":"yes","highway":"bus_stop","local_ref":"LI1-LI6-LI14-L11","name":"Residence Amrah","network":"ISSAL TANGER","network:wikidata":"Q114666905","operator":"ISSAL","public_transport":"platform","public_transport:version":"2","lines":["LI1","LI6","LI14","L11"]},"geometry":{"type":"Point","coordinates":[-5.8046984,35.7194711]},"id":"node/10053300200"},{"type":"Feature","properties":{"@id":"node/10053309860","bus":"yes","highway":"bus_stop","local_ref":"L11-L27-L30","name":"Place Aouama","network":"ISSAL TANGER","network:wikidata":"Q114666905","operator":"ISSAL","public_transport":"platform","public_transport:version":"2","lines":["L11","L27","L30"]},"geometry":{"type":"Point","coordinates":[-5.8015585,35.737187]},"id":"node/10053309860"},{"type":"Feature","properties":{"@id":"node/10053310241","bus":"yes","highway":"bus_stop","name":"Raimundo Lulio","network":"ISSAL TANGER","network:wikidata":"Q114666905","public_transport":"platform","public_transport:version":"2","lines":["LI6","L11"],"local_ref":"LI6-L11"},"geometry":{"type":"Point","coordinates":[-5.8128529,35.7669846]},"id":"node/10053310241"},{"type":"Feature","properties":{"@id":"node/10053458366","bus":"yes","highway":"bus_stop","name":"Mrabet","network":"ISSAL TANGER","network:wikidata":"Q114666905","public_transport":"platform","lines":["L11","LI6"],"local_ref":"L11-LI6"},"geometry":{"type":"Point","coordinates":[-5.8104112,35.7254646]},"id":"node/10053458366"},{"type":"Feature","properties":{"@id":"node/10053723830","bus":"yes","highway":"bus_stop","local_ref":"LI4-LI7-L10-LI13-L13-LI16-L23-LI24","name":"Entree Lehmam","network":"ISSAL TANGER","network:wikidata":"Q114666905","public_transport":"platform","public_transport:version":"2","lines":["LI4","LI7","L10","LI13","L13","LI16","L23","LI24"]},"geometry":{"type":"Point","coordinates":[-5.7834287,35.7456578]},"id":"node/10053723830"},{"type":"Feature","properties":{"@id":"node/10053954780","bus":"yes","highway":"bus_stop","name":"Hrarech1","network":"ISSAL TANGER","network:wikidata":"Q114666905","public_transport":"platform","lines":["L14"],"local_ref":"L14"},"geometry":{"type":"Point","coordinates":[-5.753385,35.7771753]},"id":"node/10053954780"},{"type":"Feature","properties":{"@id":"node/10054004012","bus":"yes","highway":"bus_stop","local_ref":"L14-L16-L20","name":"Hotel Ibis","network":"ISSAL TANGER","network:wikidata":"Q114666905","public_transport":"platform","public_transport:version":"2","lines":["L14","L16","L20"]},"geometry":{"type":"Point","coordinates":[-5.7823991,35.7714601]},"id":"node/10054004012"},{"type":"Feature","properties":{"@id":"node/10054004014","bus":"yes","highway":"bus_stop","local_ref":"LI5-L13-L14","name":"Nejma","network":"ISSAL TANGER","network:wikidata":"Q114666905","public_transport":"platform","public_transport:version":"2","lines":["LI5","L13","L14"]},"geometry":{"type":"Point","coordinates":[-5.7999066,35.7751807]},"id":"node/10054004014"},{"type":"Feature","properties":{"@id":"node/10054004015","bus":"yes","highway":"bus_stop","local_ref":"LI5-L13-L14","name":"Nejma","network":"ISSAL TANGER","network:wikidata":"Q114666905","public_transport":"platform","public_transport:version":"2","lines":["LI5","L13","L14"]},"geometry":{"type":"Point","coordinates":[-5.7997299,35.7753033]},"id":"node/10054004015"},{"type":"Feature","properties":{"@id":"node/10054004016","bus":"yes","highway":"bus_stop","local_ref":"L14-L18","name":"Hotel Rembrand","network":"ISSAL TANGER","network:wikidata":"Q114666905","public_transport":"platform","public_transport:version":"2","lines":["L14","L18"]},"geometry":{"type":"Point","coordinates":[-5.8087228,35.7796619]},"id":"node/10054004016"},{"type":"Feature","properties":{"@id":"node/10054106647","bus":"yes","highway":"bus_stop","name":"Cap Tingis","network":"ISSAL TANGER","network:wikidata":"Q114666905","public_transport":"platform","lines":["LI3"],"local_ref":"LI3"},"geometry":{"type":"Point","coordinates":[-5.7440522,35.8028109]},"id":"node/10054106647"},{"type":"Feature","properties":{"@id":"node/10054106659","bus":"yes","highway":"bus_stop","name":"Force Auxilieres","network":"ISSAL TANGER","network:wikidata":"Q114666905","public_transport":"platform","lines":["LI3"],"local_ref":"LI3"},"geometry":{"type":"Point","coordinates":[-5.7466698,35.7966084]},"id":"node/10054106659"},{"type":"Feature","properties":{"@id":"node/10054106660","bus":"yes","highway":"bus_stop","name":"Mrissate","network":"ISSAL TANGER","network:wikidata":"Q114666905","public_transport":"platform","lines":["LI3"],"local_ref":"LI3"},"geometry":{"type":"Point","coordinates":[-5.7513776,35.7925286]},"id":"node/10054106660"},{"type":"Feature","properties":{"@id":"node/10059520245","bus":"yes","highway":"bus_stop","name":"Mesnana Terminus","network":"ISSAL TANGER","network:wikidata":"Q114666905","public_transport":"platform","public_transport:version":"2","lines":["L17"],"local_ref":"L17"},"geometry":{"type":"Point","coordinates":[-5.8512775,35.754185]},"id":"node/10059520245"},{"type":"Feature","properties":{"@id":"node/10059550959","bus":"yes","highway":"bus_stop","name":"Mosquee Rahma","network":"ISSAL TANGER","network:wikidata":"Q114666905","public_transport":"platform","public_transport:version":"2","lines":["L17"],"local_ref":"L17"},"geometry":{"type":"Point","coordinates":[-5.8526347,35.7568247]},"id":"node/10059550959"},{"type":"Feature","properties":{"@id":"node/10059550983","bus":"yes","highway":"bus_stop","name":"Pharmacie Al Moujahidine","network":"ISSAL TANGER","network:wikidata":"Q114666905","public_transport":"platform","public_transport:version":"2","lines":["L17"],"local_ref":"L17"},"geometry":{"type":"Point","coordinates":[-5.8365797,35.7777595]},"id":"node/10059550983"},{"type":"Feature","properties":{"@id":"node/10059608604","bus":"yes","highway":"bus_stop","name":"L17 Cimetiere Marshan","network":"ISSAL TANGER","network:wikidata":"Q114666905","public_transport":"platform","lines":["L17"],"local_ref":"L17"},"geometry":{"type":"Point","coordinates":[-5.8281115,35.790641]},"id":"node/10059608604"},{"type":"Feature","properties":{"@id":"node/10059714014","bus":"yes","highway":"bus_stop","name":"Mghogha Sghira","network":"ISSAL TANGER","network:wikidata":"Q114666905","public_transport":"platform","lines":["L18"],"local_ref":"L18"},"geometry":{"type":"Point","coordinates":[-5.7857181,35.7523493]},"id":"node/10059714014"},{"type":"Feature","properties":{"@id":"node/10059866095","bus":"yes","highway":"bus_stop","local_ref":"LI2-LI8-L9A-LI10-LI11-L19","name":"Doha","network":"ISSAL TANGER","network:wikidata":"Q114666905","public_transport":"platform","lines":["LI2","LI8","L9A","LI10","LI11","L19"]},"geometry":{"type":"Point","coordinates":[-5.8805378,35.7293652]},"id":"node/10059866095"},{"type":"Feature","properties":{"@id":"node/10059866102","bus":"yes","highway":"bus_stop","local_ref":"LI2-LI8-LI9-LI10-LI11-LI17-L19-L20-L22","name":"City Club","network":"ISSAL TANGER","network:wikidata":"Q114666905","public_transport":"platform","public_transport:version":"2","lines":["LI2","LI8","LI9","LI10","LI11","LI17","L19","L20","L22"]},"geometry":{"type":"Point","coordinates":[-5.8508912,35.7390442]},"id":"node/10059866102"},{"type":"Feature","properties":{"@id":"node/10059866103","bus":"yes","highway":"bus_stop","local_ref":"LI2-LI8-LI9-LI10-LI11-LI17-L19-L20-L22","name":"City Club","network":"ISSAL TANGER","network:wikidata":"Q114666905","public_transport":"platform","public_transport:version":"2","lines":["LI2","LI8","LI9","LI10","LI11","LI17","L19","L20","L22"]},"geometry":{"type":"Point","coordinates":[-5.8507187,35.7388258]},"id":"node/10059866103"},{"type":"Feature","properties":{"@id":"node/10059866173","bus":"yes","highway":"bus_stop","name":"LI11Hatim Tai","network":"ISSAL TANGER","network:wikidata":"Q114679539","public_transport":"platform","public_transport:version":"2","lines":["L23"],"local_ref":"L23"},"geometry":{"type":"Point","coordinates":[-5.8266028,35.7648627]},"id":"node/10059866173"},{"type":"Feature","properties":{"@id":"node/10061406873","bus":"yes","highway":"bus_stop","local_ref":"L1B-L2-L26","name":"Poste De Police","network":"ISSAL TANGER","network:wikidata":"Q114666905","operator":"ISSAL","public_transport":"platform","lines":["L1B","L2","L26"]},"geometry":{"type":"Point","coordinates":[-5.8346908,35.7656461]},"id":"node/10061406873"},{"type":"Feature","properties":{"@id":"node/10061828542","bus":"yes","highway":"bus_stop","name":"Ecole Al Quds","network":"ISSAL TANGER","network:wikidata":"Q114666905","public_transport":"platform","public_transport:version":"2","lines":["L8","L9A","LI8"],"local_ref":"L8-L9A-LI8"},"geometry":{"type":"Point","coordinates":[-5.8289335,35.7645201]},"id":"node/10061828542"},{"type":"Feature","properties":{"@id":"node/10061828545","bus":"yes","highway":"bus_stop","name":"LI11Hatim Tai","network":"ISSAL TANGER","network:wikidata":"Q114679539","public_transport":"platform","public_transport:version":"2","lines":["L23"],"local_ref":"L23"},"geometry":{"type":"Point","coordinates":[-5.8264106,35.7650084]},"id":"node/10061828545"},{"type":"Feature","properties":{"@id":"node/10061828546","bus":"yes","highway":"bus_stop","name":"Ecole Fatima Ezzahrae","network":"ISSAL TANGER","network:wikidata":"Q114666905","public_transport":"platform","public_transport:version":"2","lines":["L8","L9A","LI8"],"local_ref":"L8-L9A-LI8"},"geometry":{"type":"Point","coordinates":[-5.831387,35.7630708]},"id":"node/10061828546"},{"type":"Feature","properties":{"@id":"node/10061828547","bus":"yes","highway":"bus_stop","name":"Rue Ibn Ardoune","network":"ISSAL TANGER","network:wikidata":"Q114666905","public_transport":"platform","lines":["L8","L9A","LI8"],"local_ref":"L8-L9A-LI8"},"geometry":{"type":"Point","coordinates":[-5.8322664,35.7617161]},"id":"node/10061828547"},{"type":"Feature","properties":{"@id":"node/10061828548","bus":"yes","highway":"bus_stop","name":"Centrale Laiterie","network":"ISSAL TANGER","network:wikidata":"Q114666905","public_transport":"platform","lines":["L9A","LI8"],"local_ref":"L9A-LI8"},"geometry":{"type":"Point","coordinates":[-5.829824,35.7592386]},"id":"node/10061828548"},{"type":"Feature","properties":{"@id":"node/10061828549","bus":"yes","highway":"bus_stop","name":"Centrale Laiterie","network":"ISSAL TANGER","network:wikidata":"Q114666905","public_transport":"platform","lines":["L9A","LI8"],"local_ref":"L9A-LI8"},"geometry":{"type":"Point","coordinates":[-5.8295999,35.7593907]},"id":"node/10061828549"},{"type":"Feature","properties":{"@id":"node/10062719944","bus":"yes","highway":"bus_stop","local_ref":"L20-L22-L30","name":"Hawmat Chok Chantara","network":"ISSAL TANGER","network:wikidata":"Q114666905","operator":"ISSAL","public_transport":"platform","lines":["L20","L22","L30"]},"geometry":{"type":"Point","coordinates":[-5.7836754,35.7597952]},"id":"node/10062719944"},{"type":"Feature","properties":{"@id":"node/10062719949","bus":"yes","highway":"bus_stop","local_ref":"L20-L22-L30","name":"Jardin Benkirane","network":"ISSAL TANGER","network:wikidata":"Q114666905","operator":"ISSAL","public_transport":"platform","lines":["L20","L22","L30"]},"geometry":{"type":"Point","coordinates":[-5.7890729,35.755539]},"id":"node/10062719949"},{"type":"Feature","properties":{"@id":"node/10062719972","bus":"yes","highway":"bus_stop","local_ref":"L20-L22-L30","name":"CTM","network":"ISSAL TANGER","network:wikidata":"Q114666905","operator":"ISSAL","public_transport":"platform","lines":["L20","L22","L30"]},"geometry":{"type":"Point","coordinates":[-5.790997,35.751398]},"id":"node/10062719972"},{"type":"Feature","properties":{"@id":"node/10062719973","bus":"yes","highway":"bus_stop","local_ref":"L20-L22-L30","name":"Pharmacie Mernissi","network":"ISSAL TANGER","network:wikidata":"Q114666905","operator":"ISSAL","public_transport":"platform","lines":["L20","L22","L30"]},"geometry":{"type":"Point","coordinates":[-5.7941235,35.7498385]},"id":"node/10062719973"},{"type":"Feature","properties":{"@id":"node/10062719981","bus":"yes","highway":"bus_stop","name":"Al Quds","name:ar":"القدس","network":"ISSAL TANGER","network:wikidata":"Q114666905","public_transport":"platform","public_transport:version":"2","lines":["L20","LI6"],"local_ref":"L20-LI6"},"geometry":{"type":"Point","coordinates":[-5.7995373,35.7430769]},"id":"node/10062719981"},{"type":"Feature","properties":{"@id":"node/10062720008","bus":"yes","highway":"bus_stop","name":"R. Point Hay Salam","network":"ISSAL TANGER","network:wikidata":"Q114666905","public_transport":"platform","lines":["L20"],"local_ref":"L20"},"geometry":{"type":"Point","coordinates":[-5.8064991,35.7415224]},"id":"node/10062720008"},{"type":"Feature","properties":{"@id":"node/10062720009","bus":"yes","highway":"bus_stop","name":"Jardin Gourziana","network":"ISSAL TANGER","network:wikidata":"Q114666905","public_transport":"platform","lines":["L20"],"local_ref":"L20"},"geometry":{"type":"Point","coordinates":[-5.812609,35.7416237]},"id":"node/10062720009"},{"type":"Feature","properties":{"@id":"node/10062720011","bus":"yes","highway":"bus_stop","name":"Gourziana","network":"ISSAL TANGER","network:wikidata":"Q114666905","public_transport":"platform","public_transport:version":"2","lines":["L20"],"local_ref":"L20"},"geometry":{"type":"Point","coordinates":[-5.8127852,35.742325]},"id":"node/10062720011"},{"type":"Feature","properties":{"@id":"node/10064145989","bus":"yes","highway":"bus_stop","local_ref":"L9A-L10","name":"Terminus Dradeb","network":"ISSAL TANGER","network:wikidata":"Q114666905","operator":"ISSAL","public_transport":"platform","public_transport:version":"2","lines":["L9A","L10"]},"geometry":{"type":"Point","coordinates":[-5.8348182,35.7871251]},"id":"node/10064145989"},{"type":"Feature","properties":{"@id":"node/10064147486","bus":"yes","highway":"bus_stop","name":"L4- École 9 Avril","network":"ISSAL TANGER","network:wikidata":"Q114666905","public_transport":"platform","public_transport:version":"2","lines":["L4"],"local_ref":"L4"},"geometry":{"type":"Point","coordinates":[-5.8387039,35.7845388]},"id":"node/10064147486"},{"type":"Feature","properties":{"@id":"node/10064147488","bus":"yes","highway":"bus_stop","local_ref":"L4-L4B-L21","name":"Cimetière Chrétien","network":"ISSAL TANGER","network:wikidata":"Q114666905","operator":"ISSAL","public_transport":"platform","public_transport:version":"2","lines":["L4","L4B","L21"]},"geometry":{"type":"Point","coordinates":[-5.8427449,35.7805224]},"id":"node/10064147488"},{"type":"Feature","properties":{"@id":"node/10064147695","bus":"yes","highway":"bus_stop","local_ref":"L4-L4B-L21","name":"Hôtel Andalucia","name:fr":"Hôtel Andalucia","public_transport":"platform","public_transport:version":"2","lines":["L4","L4B","L21"],"network":"ISSAL TANGER"},"geometry":{"type":"Point","coordinates":[-5.8481061,35.7785167]},"id":"node/10064147695"},{"type":"Feature","properties":{"@id":"node/10064147696","bus":"yes","highway":"bus_stop","name":"Masjid Uhud","network":"ISSAL TANGER","network:wikidata":"Q114666905","public_transport":"platform","public_transport:version":"2","lines":["L4"],"local_ref":"L4"},"geometry":{"type":"Point","coordinates":[-5.8519781,35.7773093]},"id":"node/10064147696"},{"type":"Feature","properties":{"@id":"node/10064147698","bus":"yes","highway":"bus_stop","name":"Rond Point Boubana","network":"ISSAL TANGER","network:wikidata":"Q114666905","public_transport":"platform","public_transport:version":"2","lines":["L4"],"local_ref":"L4"},"geometry":{"type":"Point","coordinates":[-5.8584724,35.776249]},"id":"node/10064147698"},{"type":"Feature","properties":{"@id":"node/10064147699","bus":"yes","highway":"bus_stop","name":"Stade Cricket","network":"ISSAL TANGER","network:wikidata":"Q114666905","public_transport":"platform","public_transport:version":"2","lines":["L4"],"local_ref":"L4"},"geometry":{"type":"Point","coordinates":[-5.8571121,35.7727458]},"id":"node/10064147699"},{"type":"Feature","properties":{"@id":"node/10064147710","bus":"yes","highway":"bus_stop","name":"Entree Irfane","network":"ISSAL TANGER","network:wikidata":"Q114666905","public_transport":"platform","public_transport:version":"2","lines":["L1","L1B","L2","L20"],"local_ref":"L1-L1B-L2-L20"},"geometry":{"type":"Point","coordinates":[-5.8787636,35.7373561]},"id":"node/10064147710"},{"type":"Feature","properties":{"@id":"node/10064147712","bus":"yes","highway":"bus_stop","name":"Al Irfane","network":"ISSAL TANGER","network:wikidata":"Q114666905","public_transport":"platform","public_transport:version":"2","lines":["L20"],"local_ref":"L20"},"geometry":{"type":"Point","coordinates":[-5.883199,35.737415]},"id":"node/10064147712"},{"type":"Feature","properties":{"@id":"node/10064147714","bus":"yes","highway":"bus_stop","name":"Pharmacie Cap Spartel","public_transport":"platform","lines":["L20"],"local_ref":"L20","network":"ISSAL TANGER"},"geometry":{"type":"Point","coordinates":[-5.8876677,35.7372395]},"id":"node/10064147714"},{"type":"Feature","properties":{"@id":"node/10064147715","bus":"yes","highway":"bus_stop","name":"Pharmacie Cap Spartel","network":"ISSAL TANGER","network:wikidata":"Q114666905","public_transport":"platform","lines":["L20"],"local_ref":"L20"},"geometry":{"type":"Point","coordinates":[-5.8876105,35.7373984]},"id":"node/10064147715"},{"type":"Feature","properties":{"@id":"node/10064243500","bus":"yes","highway":"bus_stop","name":"Ecole Tanja Al Alia","network":"ISSAL TANGER","network:wikidata":"Q114666905","public_transport":"platform","public_transport:version":"2","lines":["L23"],"local_ref":"L23"},"geometry":{"type":"Point","coordinates":[-5.817852,35.7540726]},"id":"node/10064243500"},{"type":"Feature","properties":{"@id":"node/10064298150","bus":"yes","highway":"bus_stop","name":"Ahammar","name:fr":"Ahammar","network":"ISSAL TANGER","network:wikidata":"Q114666905","public_transport":"platform","public_transport:version":"2","lines":["L26"],"local_ref":"L26"},"geometry":{"type":"Point","coordinates":[-5.8832351,35.7437883]},"id":"node/10064298150"},{"type":"Feature","properties":{"@id":"node/10064298151","bus":"yes","highway":"bus_stop","name":"Mghayer","network":"ISSAL TANGER","network:wikidata":"Q114666905","public_transport":"platform","public_transport:version":"2","lines":["L26"],"local_ref":"L26"},"geometry":{"type":"Point","coordinates":[-5.8872163,35.7464477]},"id":"node/10064298151"},{"type":"Feature","properties":{"@id":"node/10064298153","bus":"yes","highway":"bus_stop","name":"Grottes d'Hercule","name:fr":"Grottes d'Hercule","network":"ISSAL TANGER","network:wikidata":"Q114666905","public_transport":"platform","lines":["L26"],"local_ref":"L26"},"geometry":{"type":"Point","coordinates":[-5.9378925,35.759558]},"id":"node/10064298153"},{"type":"Feature","properties":{"@id":"node/10065043577","bus":"yes","highway":"bus_stop","name":"Hawmat Fatima","network":"ISSAL TANGER","network:wikidata":"Q114666905","public_transport":"platform","lines":["L3","L11"],"local_ref":"L3-L11"},"geometry":{"type":"Point","coordinates":[-5.7961623,35.7358082]},"id":"node/10065043577"},{"type":"Feature","properties":{"@id":"node/10065371365","bus":"yes","highway":"bus_stop","local_ref":"L30","name":"Complexe Nour","network":"ISSAL TANGER","network:wikidata":"Q114666905","operator":"ISSAL","public_transport":"platform","lines":["L30"]},"geometry":{"type":"Point","coordinates":[-5.851989,35.7286484]},"id":"node/10065371365"},{"type":"Feature","properties":{"@id":"node/10065371366","bus":"yes","highway":"bus_stop","local_ref":"L30","name":"Complexe Nour","network":"ISSAL TANGER","network:wikidata":"Q114666905","operator":"ISSAL","public_transport":"platform","lines":["L30"]},"geometry":{"type":"Point","coordinates":[-5.8521785,35.7289234]},"id":"node/10065371366"},{"type":"Feature","properties":{"@id":"node/10065371422","bus":"yes","highway":"bus_stop","local_ref":"L30","name":"Complexe Bayti","network":"ISSAL TANGER","network:wikidata":"Q114666905","operator":"ISSAL","public_transport":"platform","lines":["L30"]},"geometry":{"type":"Point","coordinates":[-5.8466561,35.729243]},"id":"node/10065371422"},{"type":"Feature","properties":{"@id":"node/10065371423","bus":"yes","highway":"bus_stop","local_ref":"L30","name":"Complexe Bayti","network":"ISSAL TANGER","network:wikidata":"Q114666905","operator":"ISSAL","public_transport":"platform","lines":["L30"]},"geometry":{"type":"Point","coordinates":[-5.8466942,35.7295045]},"id":"node/10065371423"},{"type":"Feature","properties":{"@id":"node/10065371424","bus":"yes","highway":"bus_stop","local_ref":"L30","name":"R.Point Alharrarine","network":"ISSAL TANGER","network:wikidata":"Q114666905","operator":"ISSAL","public_transport":"platform","lines":["L30"]},"geometry":{"type":"Point","coordinates":[-5.8445902,35.7274118]},"id":"node/10065371424"},{"type":"Feature","properties":{"@id":"node/10065371425","bus":"yes","highway":"bus_stop","local_ref":"L30","name":"R.Point Alharrarine","network":"ISSAL TANGER","network:wikidata":"Q114666905","operator":"ISSAL","public_transport":"platform","lines":["L30"]},"geometry":{"type":"Point","coordinates":[-5.8443493,35.7276319]},"id":"node/10065371425"},{"type":"Feature","properties":{"@id":"node/10065371488","bus":"yes","highway":"bus_stop","name":"Entree El Harrarine","network":"ISSAL TANGER","network:wikidata":"Q114666905","public_transport":"platform","lines":["L11","LI6"],"local_ref":"L11-LI6"},"geometry":{"type":"Point","coordinates":[-5.8350649,35.7238971]},"id":"node/10065371488"},{"type":"Feature","properties":{"@id":"node/10065371489","bus":"yes","highway":"bus_stop","name":"Entree El Harrarine","network":"ISSAL TANGER","network:wikidata":"Q114666905","public_transport":"platform","lines":["L11","LI6"],"local_ref":"L11-LI6"},"geometry":{"type":"Point","coordinates":[-5.8348307,35.7237069]},"id":"node/10065371489"},{"type":"Feature","properties":{"@id":"node/10065371532","bus":"yes","highway":"bus_stop","name":"Mrabet","network":"ISSAL TANGER","network:wikidata":"Q114666905","public_transport":"platform","lines":["LI6","L11"],"local_ref":"LI6-L11"},"geometry":{"type":"Point","coordinates":[-5.8132418,35.7212333]},"id":"node/10065371532"},{"type":"Feature","properties":{"@id":"node/10065371533","bus":"yes","highway":"bus_stop","name":"Mrabet","network":"ISSAL TANGER","network:wikidata":"Q114666905","public_transport":"platform","lines":["LI6","L11"],"local_ref":"LI6-L11"},"geometry":{"type":"Point","coordinates":[-5.813316,35.7209847]},"id":"node/10065371533"},{"type":"Feature","properties":{"@id":"node/10065466590","bus":"yes","highway":"bus_stop","local_ref":"L7-L20-L20B","name":"Ahlan","network":"ISSAL TANGER","network:wikidata":"Q114666905","public_transport":"platform","public_transport:version":"2","lines":["L7","L20","L20B"]},"geometry":{"type":"Point","coordinates":[-5.8369581,35.7461336]},"id":"node/10065466590"},{"type":"Feature","properties":{"@id":"node/10065466591","bus":"yes","highway":"bus_stop","local_ref":"L7-L20-L20B","name":"Ahlan","network":"ISSAL TANGER","network:wikidata":"Q114666905","public_transport":"platform","public_transport:version":"2","lines":["L7","L20","L20B"]},"geometry":{"type":"Point","coordinates":[-5.8369061,35.7458774]},"id":"node/10065466591"},{"type":"Feature","properties":{"@id":"node/10065495011","bus":"yes","highway":"bus_stop","name":"Castilla CNSS","network":"ISSAL TANGER","network:wikidata":"Q114666905","public_transport":"platform","public_transport:version":"2","lines":["L1B","L23","L26","L8","L9A","LI10","LI11","LI18","LI2","LI7","LI8","LI9"],"local_ref":"L1B-L23-L26-L8-L9A-LI10-LI11-LI18-LI2-LI7-LI8-LI9"},"geometry":{"type":"Point","coordinates":[-5.8140124,35.7678264]},"id":"node/10065495011"},{"type":"Feature","properties":{"@id":"node/10065550279","bus":"yes","highway":"bus_stop","name":"Hawmat Jbala Terminus","network":"ISSAL TANGER","network:wikidata":"Q114666905","public_transport":"platform","lines":["L5","LI3"],"local_ref":"L5-LI3"},"geometry":{"type":"Point","coordinates":[-5.867595,35.7691524]},"id":"node/10065550279"},{"type":"Feature","properties":{"@id":"node/10067757913","bus":"yes","highway":"bus_stop","name":"Mrissate","network":"ISSAL TANGER","network:wikidata":"Q114666905","public_transport":"platform","lines":["LI3"],"local_ref":"LI3"},"geometry":{"type":"Point","coordinates":[-5.751182,35.7924778]},"id":"node/10067757913"},{"type":"Feature","properties":{"@id":"node/10123537240","bus":"yes","highway":"bus_stop","local_ref":"LI1-LI6-L7-L11-L12","name":"Avenue Marrakech","network":"ISSAL TANGER","network:wikidata":"Q114666905","public_transport":"platform","public_transport:version":"2","lines":["LI1","LI6","L7","L11","L12"]},"geometry":{"type":"Point","coordinates":[-5.8035524,35.7690503]},"id":"node/10123537240"},{"type":"Feature","properties":{"@id":"node/10123537242","bus":"yes","highway":"bus_stop","local_ref":"LI3-LI5-LI12-L14-L16","name":"Entree Sania","network":"ISSAL TANGER","network:wikidata":"Q114666905","public_transport":"platform","lines":["LI3","LI5","LI12","L14","L16"]},"geometry":{"type":"Point","coordinates":[-5.7594397,35.7825551]},"id":"node/10123537242"},{"type":"Feature","properties":{"@id":"node/10123537243","bus":"yes","highway":"bus_stop","local_ref":"LI3-LI5-L8-LI12-L14-L16-L20","name":"Haskouri","network":"ISSAL TANGER","network:wikidata":"Q114666905","public_transport":"platform","public_transport:version":"2","lines":["LI3","LI5","L8","LI12","L14","L16","L20"]},"geometry":{"type":"Point","coordinates":[-5.7621773,35.7689145]},"id":"node/10123537243"},{"type":"Feature","properties":{"@id":"node/10123951099","bus":"yes","highway":"bus_stop","local_ref":"L4-L4B-L21","name":"Hôtel Andalucia","name:fr":"Hôtel Andalucia","network":"ISSAL TANGER","network:wikidata":"Q114666905","operator":"ISSAL","public_transport":"platform","public_transport:version":"2","lines":["L4","L4B","L21"]},"geometry":{"type":"Point","coordinates":[-5.8479385,35.7784124]},"id":"node/10123951099"},{"type":"Feature","properties":{"@id":"node/10123955047","bus":"yes","highway":"bus_stop","local_ref":"L30","name":"Gare Routiere","network":"ISSAL TANGER","network:wikidata":"Q114666905","operator":"ISSAL","public_transport":"platform","lines":["L30"]},"geometry":{"type":"Point","coordinates":[-5.8604967,35.7294315]},"id":"node/10123955047"},{"type":"Feature","properties":{"@id":"node/10186278918","bus":"yes","highway":"bus_stop","name":"Maison des Jeunes","name:en":"Ligne 5 Cap Spartel","network":"ISSAL TANGER","network:wikidata":"Q114666905","public_transport":"platform","lines":["L14","L17","L18","L4"],"local_ref":"L14-L17-L18-L4"},"geometry":{"type":"Point","coordinates":[-5.8175591,35.7818962]},"id":"node/10186278918"},{"type":"Feature","properties":{"@id":"node/10186278919","bus":"yes","highway":"bus_stop","name":"Parc Mediouna","network":"ISSAL TANGER","network:wikidata":"Q114666905","public_transport":"platform","lines":["L5","LI3"],"local_ref":"L5-LI3"},"geometry":{"type":"Point","coordinates":[-5.8898211,35.7835072]},"id":"node/10186278919"},{"type":"Feature","properties":{"@id":"node/10186279017","bus":"yes","highway":"bus_stop","name":"Parc Mediouna","network":"ISSAL TANGER","network:wikidata":"Q114666905","public_transport":"platform","lines":["L5","LI3"],"local_ref":"L5-LI3"},"geometry":{"type":"Point","coordinates":[-5.8899071,35.7835453]},"id":"node/10186279017"},{"type":"Feature","properties":{"@id":"node/12254020309","bus":"yes","highway":"bus_stop","local_ref":"L1-L20-L30","name":"Aswak Assalam","network":"ISSAL TANGER","network:wikidata":"Q114666905","public_transport":"platform","public_transport:version":"2","lines":["L1","L20","L30"]},"geometry":{"type":"Point","coordinates":[-5.8757615,35.7384391]},"id":"node/12254020309"},{"type":"Feature","properties":{"@id":"node/12254020314","bus":"yes","highway":"bus_stop","name":"Stop Bni Makada","network":"ISSAL TANGER","network:wikidata":"Q114666905","public_transport":"platform","lines":["L1","L1B","LI10","LI11","LI16","LI17","LI18","LI2","LI6","LI7","LI9"],"local_ref":"L1-L1B-LI10-LI11-LI16-LI17-LI18-LI2-LI6-LI7-LI9"},"geometry":{"type":"Point","coordinates":[-5.813012,35.7638441]},"id":"node/12254020314"},{"type":"Feature","properties":{"@id":"node/12254020315","bus":"yes","highway":"bus_stop","name":"Banque Populaire","network":"ISSAL TANGER","network:wikidata":"Q114666905","public_transport":"platform","lines":["L1","L1B"],"local_ref":"L1-L1B"},"geometry":{"type":"Point","coordinates":[-5.8128027,35.759606]},"id":"node/12254020315"},{"type":"Feature","properties":{"@id":"node/12254020317","bus":"yes","highway":"bus_stop","local_ref":"L1-L1B-L3","name":"Cinema Tarik","network":"ISSAL TANGER","network:wikidata":"Q114666905","operator":"ISSAL","public_transport":"platform","public_transport:version":"2","lines":["L1","L1B","L3"]},"geometry":{"type":"Point","coordinates":[-5.8104101,35.7543062]},"id":"node/12254020317"},{"type":"Feature","properties":{"@id":"node/12254020320","bus":"yes","highway":"bus_stop","name":"Cemetier Souani","network":"ISSAL TANGER","network:wikidata":"Q114679539","public_transport":"platform","lines":["L1B","L23","L26","L8","L9A","LI8"],"local_ref":"L1B-L23-L26-L8-L9A-LI8"},"geometry":{"type":"Point","coordinates":[-5.8192486,35.7672392]},"id":"node/12254020320"},{"type":"Feature","properties":{"@id":"node/12254020322","bus":"yes","highway":"bus_stop","name":"LI11   Casabarata","network":"ISSAL TANGER","network:wikidata":"Q114679539","public_transport":"platform","public_transport:version":"2","lines":["2A"],"local_ref":"2A"},"geometry":{"type":"Point","coordinates":[-5.8241228,35.7664514]},"id":"node/12254020322"},{"type":"Feature","properties":{"@id":"node/12254020323","bus":"yes","highway":"bus_stop","local_ref":"L1B-L2-L26","name":"Adoha Val Flueri","network":"ISSAL TANGER","network:wikidata":"Q114666905","operator":"ISSAL","public_transport":"platform","public_transport:version":"2","lines":["L1B","L2","L26"]},"geometry":{"type":"Point","coordinates":[-5.8299848,35.7667033]},"id":"node/12254020323"},{"type":"Feature","properties":{"@id":"node/12254020324","bus":"yes","highway":"bus_stop","local_ref":"L1B-L2-L26","name":"Adoha Val Flueri","network":"ISSAL TANGER","network:wikidata":"Q114666905","operator":"ISSAL","public_transport":"platform","public_transport:version":"2","lines":["L1B","L2","L26"]},"geometry":{"type":"Point","coordinates":[-5.8299902,35.7669151]},"id":"node/12254020324"},{"type":"Feature","properties":{"@id":"node/12254020334","bus":"yes","highway":"bus_stop","local_ref":"L1B-L2-L26","name":"Zemmori 3","network":"ISSAL TANGER","network:wikidata":"Q114666905","operator":"ISSAL","public_transport":"platform","public_transport:version":"2","lines":["L1B","L2","L26"]},"geometry":{"type":"Point","coordinates":[-5.8695404,35.7404294]},"id":"node/12254020334"},{"type":"Feature","properties":{"@id":"node/12254020335","bus":"yes","highway":"bus_stop","local_ref":"L1B-L2-L26","name":"Zemmori 3","network":"ISSAL TANGER","network:wikidata":"Q114666905","operator":"ISSAL","public_transport":"platform","public_transport:version":"2","lines":["L1B","L2","L26"]},"geometry":{"type":"Point","coordinates":[-5.8696776,35.7406578]},"id":"node/12254020335"},{"type":"Feature","properties":{"@id":"node/12254868496","bus":"yes","highway":"bus_stop","name":"L17 Consulat d'Espagne","network":"ISSAL TANGER","network:wikidata":"Q114666905","public_transport":"platform","public_transport:version":"2","lines":["L17","L2"],"local_ref":"L17-L2"},"geometry":{"type":"Point","coordinates":[-5.8239367,35.7803647]},"id":"node/12254868496"},{"type":"Feature","properties":{"@id":"node/12254868497","bus":"yes","highway":"bus_stop","local_ref":"2","name":"L2 Hopital Mohammed V","network":"ISSAL TANGER","network:wikidata":"Q114666905","public_transport":"platform","lines":["2"]},"geometry":{"type":"Point","coordinates":[-5.8271212,35.7778479]},"id":"node/12254868497"},{"type":"Feature","properties":{"@id":"node/12254868499","bus":"yes","highway":"bus_stop","local_ref":"2","name":"Pharmacie Camilia","network":"ISSAL TANGER","network:wikidata":"Q114666905","public_transport":"platform","public_transport:version":"2","lines":["2"]},"geometry":{"type":"Point","coordinates":[-5.8295121,35.7731235]},"id":"node/12254868499"},{"type":"Feature","properties":{"@id":"node/12254868500","bus":"yes","highway":"bus_stop","local_ref":"2","name":"Arrondisment","network":"ISSAL TANGER","network:wikidata":"Q114666905","public_transport":"platform","public_transport:version":"2","lines":["2"]},"geometry":{"type":"Point","coordinates":[-5.8286101,35.7755611]},"id":"node/12254868500"},{"type":"Feature","properties":{"@id":"node/12254909501","bus":"yes","highway":"bus_stop","local_ref":"2","name":"Abre Val Fleuri","network":"ISSAL TANGER","network:wikidata":"Q114666905","public_transport":"platform","public_transport:version":"2","lines":["2"]},"geometry":{"type":"Point","coordinates":[-5.8312972,35.7705086]},"id":"node/12254909501"},{"type":"Feature","properties":{"@id":"node/12254909502","bus":"yes","highway":"bus_stop","local_ref":"2","name":"Traiteur Rahal","network":"ISSAL TANGER","network:wikidata":"Q114666905","public_transport":"platform","public_transport:version":"2","lines":["2"]},"geometry":{"type":"Point","coordinates":[-5.8325795,35.7684779]},"id":"node/12254909502"},{"type":"Feature","properties":{"@id":"node/12254976118","bus":"yes","highway":"bus_stop","local_ref":"2","name":"pharmacy","network":"ISSAL TANGER","network:wikidata":"Q114666905","public_transport":"platform","public_transport:version":"2","lines":["2"]},"geometry":{"type":"Point","coordinates":[-5.877969,35.7403319]},"id":"node/12254976118"},{"type":"Feature","properties":{"@id":"node/12254976120","bus":"yes","highway":"bus_stop","name":"Ahammar","name:fr":"Ahammar","network":"ISSAL TANGER","network:wikidata":"Q114666905","public_transport":"platform","public_transport:version":"2","lines":["L26"],"local_ref":"L26"},"geometry":{"type":"Point","coordinates":[-5.8832996,35.7436911]},"id":"node/12254976120"},{"type":"Feature","properties":{"@id":"node/12254976122","bus":"yes","highway":"bus_stop","name":"Mghayer","network":"ISSAL TANGER","network:wikidata":"Q114666905","public_transport":"platform","public_transport:version":"2","lines":["L26"],"local_ref":"L26"},"geometry":{"type":"Point","coordinates":[-5.8872594,35.7461715]},"id":"node/12254976122"},{"type":"Feature","properties":{"@id":"node/12254976123","bus":"yes","highway":"bus_stop","name":"Mghayer2","network":"ISSAL TANGER","network:wikidata":"Q114666905","public_transport":"platform","public_transport:version":"2","lines":["L26"],"local_ref":"L26"},"geometry":{"type":"Point","coordinates":[-5.8927011,35.7479967]},"id":"node/12254976123"},{"type":"Feature","properties":{"@id":"node/12254976124","bus":"yes","highway":"bus_stop","name":"Mghayer2","network":"ISSAL TANGER","network:wikidata":"Q114666905","public_transport":"platform","public_transport:version":"2","lines":["L26"],"local_ref":"L26"},"geometry":{"type":"Point","coordinates":[-5.8928222,35.7478569]},"id":"node/12254976124"},{"type":"Feature","properties":{"@id":"node/12254976125","bus":"yes","highway":"bus_stop","name":"Sed","network":"ISSAL TANGER","network:wikidata":"Q114666905","public_transport":"platform","public_transport:version":"2","lines":["L26"],"local_ref":"L26"},"geometry":{"type":"Point","coordinates":[-5.8983888,35.7504175]},"id":"node/12254976125"},{"type":"Feature","properties":{"@id":"node/12254976126","bus":"yes","highway":"bus_stop","name":"Sed","network":"ISSAL TANGER","network:wikidata":"Q114666905","public_transport":"platform","public_transport:version":"2","lines":["L26"],"local_ref":"L26"},"geometry":{"type":"Point","coordinates":[-5.898339,35.7501576]},"id":"node/12254976126"},{"type":"Feature","properties":{"@id":"node/12254976127","bus":"yes","highway":"bus_stop","name":"Lbarzakh","network":"ISSAL TANGER","network:wikidata":"Q114666905","public_transport":"platform","public_transport:version":"2","lines":["L26"],"local_ref":"L26"},"geometry":{"type":"Point","coordinates":[-5.9096676,35.7543156]},"id":"node/12254976127"},{"type":"Feature","properties":{"@id":"node/12254976128","bus":"yes","highway":"bus_stop","name":"Lbarzakh","network":"ISSAL TANGER","network:wikidata":"Q114666905","public_transport":"platform","public_transport:version":"2","lines":["L26"],"local_ref":"L26"},"geometry":{"type":"Point","coordinates":[-5.9099307,35.7546715]},"id":"node/12254976128"},{"type":"Feature","properties":{"@id":"node/12254976129","bus":"yes","highway":"bus_stop","name":"Khandaghour","network":"ISSAL TANGER","network:wikidata":"Q114666905","public_transport":"platform","public_transport:version":"2","lines":["L26"],"local_ref":"L26"},"geometry":{"type":"Point","coordinates":[-5.904328,35.7535281]},"id":"node/12254976129"},{"type":"Feature","properties":{"@id":"node/12254976130","bus":"yes","highway":"bus_stop","name":"Khandaghour","network":"ISSAL TANGER","network:wikidata":"Q114666905","public_transport":"platform","public_transport:version":"2","lines":["L26"],"local_ref":"L26"},"geometry":{"type":"Point","coordinates":[-5.9044592,35.7533617]},"id":"node/12254976130"},{"type":"Feature","properties":{"@id":"node/12254976131","bus":"yes","highway":"bus_stop","name":"Lmers","network":"ISSAL TANGER","network:wikidata":"Q114666905","public_transport":"platform","public_transport:version":"2","lines":["L26"],"local_ref":"L26"},"geometry":{"type":"Point","coordinates":[-5.9173625,35.7556192]},"id":"node/12254976131"},{"type":"Feature","properties":{"@id":"node/12254976132","bus":"yes","highway":"bus_stop","name":"Lmers","network":"ISSAL TANGER","network:wikidata":"Q114666905","public_transport":"platform","public_transport:version":"2","lines":["L26"],"local_ref":"L26"},"geometry":{"type":"Point","coordinates":[-5.9171453,35.7558568]},"id":"node/12254976132"},{"type":"Feature","properties":{"@id":"node/12254976133","bus":"yes","highway":"bus_stop","name":"Lmers2","network":"ISSAL TANGER","network:wikidata":"Q114666905","public_transport":"platform","public_transport:version":"2","lines":["L26"],"local_ref":"L26"},"geometry":{"type":"Point","coordinates":[-5.9241123,35.7555651]},"id":"node/12254976133"},{"type":"Feature","properties":{"@id":"node/12254976134","bus":"yes","highway":"bus_stop","name":"Lmers2","network":"ISSAL TANGER","network:wikidata":"Q114666905","public_transport":"platform","public_transport:version":"2","lines":["L26"],"local_ref":"L26"},"geometry":{"type":"Point","coordinates":[-5.9239995,35.7558702]},"id":"node/12254976134"},{"type":"Feature","properties":{"@id":"node/12254976135","bus":"yes","highway":"bus_stop","name":"R. Point Jbila","network":"ISSAL TANGER","network:wikidata":"Q114666905","public_transport":"platform","public_transport:version":"2","lines":["L26"],"local_ref":"L26"},"geometry":{"type":"Point","coordinates":[-5.9302214,35.7570715]},"id":"node/12254976135"},{"type":"Feature","properties":{"@id":"node/12254976136","bus":"yes","highway":"bus_stop","name":"R. Point Jbila","network":"ISSAL TANGER","network:wikidata":"Q114666905","public_transport":"platform","public_transport:version":"2","lines":["L26"],"local_ref":"L26"},"geometry":{"type":"Point","coordinates":[-5.9302321,35.7573719]},"id":"node/12254976136"},{"type":"Feature","properties":{"@id":"node/12254976138","bus":"yes","highway":"bus_stop","name":"Palais Jbila","network":"ISSAL TANGER","network:wikidata":"Q114666905","public_transport":"platform","public_transport:version":"2","lines":["L5"],"local_ref":"L5"},"geometry":{"type":"Point","coordinates":[-5.9328273,35.7542517]},"id":"node/12254976138"},{"type":"Feature","properties":{"@id":"node/12254976139","bus":"yes","highway":"bus_stop","name":"Palais Jbila","network":"ISSAL TANGER","network:wikidata":"Q114666905","public_transport":"platform","public_transport:version":"2","lines":["L5"],"local_ref":"L5"},"geometry":{"type":"Point","coordinates":[-5.9330695,35.7543197]},"id":"node/12254976139"},{"type":"Feature","properties":{"@id":"node/12254976140","bus":"yes","highway":"bus_stop","name":"Dar Jbila","network":"ISSAL TANGER","network:wikidata":"Q114666905","public_transport":"platform","public_transport:version":"2","lines":["L5"],"local_ref":"L5"},"geometry":{"type":"Point","coordinates":[-5.9308474,35.7515521]},"id":"node/12254976140"},{"type":"Feature","properties":{"@id":"node/12254976141","bus":"yes","highway":"bus_stop","name":"Dar Jbila","network":"ISSAL TANGER","network:wikidata":"Q114666905","public_transport":"platform","public_transport:version":"2","lines":["L5"],"local_ref":"L5"},"geometry":{"type":"Point","coordinates":[-5.9309562,35.7514808]},"id":"node/12254976141"},{"type":"Feature","properties":{"@id":"node/12254976142","bus":"yes","highway":"bus_stop","name":"Jbila 2","network":"ISSAL TANGER","network:wikidata":"Q114666905","public_transport":"platform","public_transport:version":"2","lines":["L5"],"local_ref":"L5"},"geometry":{"type":"Point","coordinates":[-5.9292411,35.7488608]},"id":"node/12254976142"},{"type":"Feature","properties":{"@id":"node/12254976143","bus":"yes","highway":"bus_stop","name":"Jbila 2","network":"ISSAL TANGER","network:wikidata":"Q114666905","public_transport":"platform","public_transport:version":"2","lines":["L5"],"local_ref":"L5"},"geometry":{"type":"Point","coordinates":[-5.9291954,35.7489718]},"id":"node/12254976143"},{"type":"Feature","properties":{"@id":"node/12254976144","bus":"yes","highway":"bus_stop","name":"Jbila Terminus","network":"ISSAL TANGER","network:wikidata":"Q114666905","public_transport":"platform","public_transport:version":"2","lines":["L5"],"local_ref":"L5"},"geometry":{"type":"Point","coordinates":[-5.927283,35.7475215]},"id":"node/12254976144"},{"type":"Feature","properties":{"@id":"node/12254976145","bus":"yes","highway":"bus_stop","name":"Jbila Terminus","network":"ISSAL TANGER","network:wikidata":"Q114666905","public_transport":"platform","public_transport:version":"2","lines":["L5"],"local_ref":"L5"},"geometry":{"type":"Point","coordinates":[-5.9274488,35.7474887]},"id":"node/12254976145"},{"type":"Feature","properties":{"@id":"node/12255127754","bus":"yes","highway":"bus_stop","local_ref":"L3-L7-L9A-L11-LI11-L12","name":"Centre Santé Saïd Noussairi","network":"ISSAL TANGER","network:wikidata":"Q114666905","public_transport":"platform","lines":["L3","L7","L9A","L11","LI11","L12"]},"geometry":{"type":"Point","coordinates":[-5.8142576,35.7699537]},"id":"node/12255127754"},{"type":"Feature","properties":{"@id":"node/12255247225","bus":"yes","highway":"bus_stop","name":"Centre Accuile Iberia","network":"ISSAL TANGER","network:wikidata":"Q114666905","public_transport":"platform","lines":["L14","L17","L18","L4"],"local_ref":"L14-L17-L18-L4"},"geometry":{"type":"Point","coordinates":[-5.8181367,35.7822208]},"id":"node/12255247225"},{"type":"Feature","properties":{"@id":"node/12255247227","bus":"yes","highway":"bus_stop","local_ref":"L4B-L4-L9A-L11-L12","name":"Bmce","network":"ISSAL TANGER","network:wikidata":"Q114666905","operator":"ISSAL","public_transport":"platform","public_transport:version":"2","lines":["L4B","L4","L9A","L11","L12"]},"geometry":{"type":"Point","coordinates":[-5.8241707,35.7849611]},"id":"node/12255247227"},{"type":"Feature","properties":{"@id":"node/12255247228","bus":"yes","highway":"bus_stop","local_ref":"L4B-L4-L9A-L10-L11","name":"Ain Hiyani","network":"ISSAL TANGER","network:wikidata":"Q114666905","operator":"ISSAL","public_transport":"platform","public_transport:version":"2","lines":["L4B","L4","L9A","L10","L11"]},"geometry":{"type":"Point","coordinates":[-5.8283471,35.7854633]},"id":"node/12255247228"},{"type":"Feature","properties":{"@id":"node/12255247230","bus":"yes","highway":"bus_stop","name":"Mosquée Mowahidin","network":"ISSAL TANGER","network:wikidata":"Q114666905","public_transport":"platform","public_transport:version":"2","lines":["L4","L9A"],"local_ref":"L4-L9A"},"geometry":{"type":"Point","coordinates":[-5.8310933,35.7855159]},"id":"node/12255247230"},{"type":"Feature","properties":{"@id":"node/12255247232","bus":"yes","highway":"bus_stop","name":"L4- École 9 Avril","network":"ISSAL TANGER","network:wikidata":"Q114666905","public_transport":"platform","public_transport:version":"2","lines":["L4"],"local_ref":"L4"},"geometry":{"type":"Point","coordinates":[-5.8386176,35.7844796]},"id":"node/12255247232"},{"type":"Feature","properties":{"@id":"node/12255247234","bus":"yes","highway":"bus_stop","name":"Masjid Uhud","network":"ISSAL TANGER","network:wikidata":"Q114666905","public_transport":"platform","public_transport:version":"2","lines":["L4"],"local_ref":"L4"},"geometry":{"type":"Point","coordinates":[-5.8518203,35.7771791]},"id":"node/12255247234"},{"type":"Feature","properties":{"@id":"node/12255247235","bus":"yes","highway":"bus_stop","name":"Rond Point Boubana","network":"ISSAL TANGER","network:wikidata":"Q114666905","public_transport":"platform","public_transport:version":"2","lines":["L4"],"local_ref":"L4"},"geometry":{"type":"Point","coordinates":[-5.8584993,35.7760682]},"id":"node/12255247235"},{"type":"Feature","properties":{"@id":"node/12255247236","bus":"yes","highway":"bus_stop","name":"Pharmacie Al Boustane","network":"ISSAL TANGER","network:wikidata":"Q114666905","public_transport":"platform","public_transport:version":"2","lines":["L5","LI3"],"local_ref":"L5-LI3"},"geometry":{"type":"Point","coordinates":[-5.8609432,35.7765552]},"id":"node/12255247236"},{"type":"Feature","properties":{"@id":"node/12255247237","bus":"yes","highway":"bus_stop","name":"Pharmacie Al Boustane","network":"ISSAL TANGER","network:wikidata":"Q114666905","public_transport":"platform","public_transport:version":"2","lines":["L5","LI3"],"local_ref":"L5-LI3"},"geometry":{"type":"Point","coordinates":[-5.8609109,35.7766274]},"id":"node/12255247237"},{"type":"Feature","properties":{"@id":"node/12255247238","bus":"yes","highway":"bus_stop","name":"Pharmacie Boubana","network":"ISSAL TANGER","network:wikidata":"Q114666905","public_transport":"platform","public_transport:version":"2","lines":["L5","LI3"],"local_ref":"L5-LI3"},"geometry":{"type":"Point","coordinates":[-5.8608495,35.7743842]},"id":"node/12255247238"},{"type":"Feature","properties":{"@id":"node/12255247239","bus":"yes","highway":"bus_stop","name":"Pharmacie Boubana","network":"ISSAL TANGER","network:wikidata":"Q114666905","public_transport":"platform","public_transport:version":"2","lines":["L5","LI3"],"local_ref":"L5-LI3"},"geometry":{"type":"Point","coordinates":[-5.8609913,35.7743692]},"id":"node/12255247239"},{"type":"Feature","properties":{"@id":"node/12255247240","bus":"yes","highway":"bus_stop","name":"Mosquee Arrahman","network":"ISSAL TANGER","network:wikidata":"Q114666905","public_transport":"platform","public_transport:version":"2","lines":["L5","LI3"],"local_ref":"L5-LI3"},"geometry":{"type":"Point","coordinates":[-5.8630469,35.773934]},"id":"node/12255247240"},{"type":"Feature","properties":{"@id":"node/12255247241","bus":"yes","highway":"bus_stop","name":"Mosquee Arrahman","network":"ISSAL TANGER","network:wikidata":"Q114666905","public_transport":"platform","public_transport:version":"2","lines":["L5","LI3"],"local_ref":"L5-LI3"},"geometry":{"type":"Point","coordinates":[-5.8630074,35.774019]},"id":"node/12255247241"},{"type":"Feature","properties":{"@id":"node/12255247242","bus":"yes","highway":"bus_stop","name":"Boubana1","network":"ISSAL TANGER","network:wikidata":"Q114666905","public_transport":"platform","public_transport:version":"2","lines":["L5","LI3"],"local_ref":"L5-LI3"},"geometry":{"type":"Point","coordinates":[-5.8657465,35.7737948]},"id":"node/12255247242"},{"type":"Feature","properties":{"@id":"node/12255247243","bus":"yes","highway":"bus_stop","name":"Boubana1","network":"ISSAL TANGER","network:wikidata":"Q114666905","public_transport":"platform","public_transport:version":"2","lines":["L5","LI3"],"local_ref":"L5-LI3"},"geometry":{"type":"Point","coordinates":[-5.8658257,35.7738647]},"id":"node/12255247243"},{"type":"Feature","properties":{"@id":"node/12255247244","bus":"yes","highway":"bus_stop","name":"Boubana2","network":"ISSAL TANGER","network:wikidata":"Q114666905","public_transport":"platform","public_transport:version":"2","lines":["L5","LI3"],"local_ref":"L5-LI3"},"geometry":{"type":"Point","coordinates":[-5.8665175,35.7727328]},"id":"node/12255247244"},{"type":"Feature","properties":{"@id":"node/12255247245","bus":"yes","highway":"bus_stop","name":"Boubana2","network":"ISSAL TANGER","network:wikidata":"Q114666905","public_transport":"platform","public_transport:version":"2","lines":["L5","LI3"],"local_ref":"L5-LI3"},"geometry":{"type":"Point","coordinates":[-5.8665965,35.7727755]},"id":"node/12255247245"},{"type":"Feature","properties":{"@id":"node/12255247246","bus":"yes","highway":"bus_stop","name":"Hawmat Jbala Terminus","network":"ISSAL TANGER","network:wikidata":"Q114666905","public_transport":"platform","public_transport:version":"2","lines":["L5","LI3"],"local_ref":"L5-LI3"},"geometry":{"type":"Point","coordinates":[-5.8677081,35.769113]},"id":"node/12255247246"},{"type":"Feature","properties":{"@id":"node/12255396161","bus":"yes","highway":"bus_stop","name":"Clinique Iberia","network":"ISSAL TANGER","network:wikidata":"Q114666905","public_transport":"platform","public_transport:version":"2","lines":["L17"],"local_ref":"L17"},"geometry":{"type":"Point","coordinates":[-5.8276719,35.7799454]},"id":"node/12255396161"},{"type":"Feature","properties":{"@id":"node/12255396162","bus":"yes","highway":"bus_stop","name":"Clinique Iberia","network":"ISSAL TANGER","network:wikidata":"Q114666905","public_transport":"platform","public_transport:version":"2","lines":["L17"],"local_ref":"L17"},"geometry":{"type":"Point","coordinates":[-5.8276897,35.7800724]},"id":"node/12255396162"},{"type":"Feature","properties":{"@id":"node/12255396163","bus":"yes","highway":"bus_stop","name":"Marstarkhouch","network":"ISSAL TANGER","network:wikidata":"Q114666905","public_transport":"platform","public_transport:version":"2","lines":["L17"],"local_ref":"L17"},"geometry":{"type":"Point","coordinates":[-5.832181,35.7784942]},"id":"node/12255396163"},{"type":"Feature","properties":{"@id":"node/12255440983","bus":"yes","highway":"bus_stop","name":"Hawmat Dzairi","network":"ISSAL TANGER","network:wikidata":"Q114666905","public_transport":"platform","lines":["L4","L17"],"local_ref":"L4-L17"},"geometry":{"type":"Point","coordinates":[-5.8453911,35.7821289]},"id":"node/12255440983"},{"type":"Feature","properties":{"@id":"node/12255440984","bus":"yes","highway":"bus_stop","name":"Jbel Lkbir","network":"ISSAL TANGER","network:wikidata":"Q114666905","public_transport":"platform","lines":["L4","L17"],"local_ref":"L4-L17"},"geometry":{"type":"Point","coordinates":[-5.8437726,35.7850754]},"id":"node/12255440984"},{"type":"Feature","properties":{"@id":"node/12255440985","bus":"yes","highway":"bus_stop","name":"Jbel Lkbir","network":"ISSAL TANGER","network:wikidata":"Q114666905","public_transport":"platform","lines":["L4","L17"],"local_ref":"L4-L17"},"geometry":{"type":"Point","coordinates":[-5.843896,35.7851056]},"id":"node/12255440985"},{"type":"Feature","properties":{"@id":"node/12255440986","bus":"yes","highway":"bus_stop","name":"Mosquée Mokraa","network":"ISSAL TANGER","network:wikidata":"Q114666905","public_transport":"platform","lines":["L4","L17"],"local_ref":"L4-L17"},"geometry":{"type":"Point","coordinates":[-5.8427206,35.7879625]},"id":"node/12255440986"},{"type":"Feature","properties":{"@id":"node/12255440987","bus":"yes","highway":"bus_stop","name":"Mosquée Mokraa","network":"ISSAL TANGER","network:wikidata":"Q114666905","public_transport":"platform","lines":["L4","L17"],"local_ref":"L4-L17"},"geometry":{"type":"Point","coordinates":[-5.8428813,35.7880452]},"id":"node/12255440987"},{"type":"Feature","properties":{"@id":"node/12255440988","bus":"yes","highway":"bus_stop","name":"Palais Royal 1","name:fr":"Palais Royal 1","network":"ISSAL TANGER","network:wikidata":"Q114666905","public_transport":"platform","public_transport:version":"2","lines":["L4","L17"],"local_ref":"L4-L17"},"geometry":{"type":"Point","coordinates":[-5.8486507,35.7910913]},"id":"node/12255440988"},{"type":"Feature","properties":{"@id":"node/12255440989","bus":"yes","highway":"bus_stop","name":"Palais Royal 2","name:fr":"Palais Royal 2","network":"ISSAL TANGER","network:wikidata":"Q114666905","public_transport":"platform","public_transport:version":"2","lines":["L17","L26"],"local_ref":"L17-L26"},"geometry":{"type":"Point","coordinates":[-5.8517401,35.7893511]},"id":"node/12255440989"},{"type":"Feature","properties":{"@id":"node/12255440991","bus":"yes","highway":"bus_stop","name":"Foret Rmilate","network":"ISSAL TANGER","network:wikidata":"Q114666905","public_transport":"platform","public_transport:version":"2","lines":["L5","LI3"],"local_ref":"L5-LI3"},"geometry":{"type":"Point","coordinates":[-5.8653987,35.7874519]},"id":"node/12255440991"},{"type":"Feature","properties":{"@id":"node/12255440992","bus":"yes","highway":"bus_stop","name":"Masjid Al-Saud","network":"ISSAL TANGER","network:wikidata":"Q114666905","public_transport":"platform","public_transport:version":"2","lines":["L5","LI3"],"local_ref":"L5-LI3"},"geometry":{"type":"Point","coordinates":[-5.8714928,35.787584]},"id":"node/12255440992"},{"type":"Feature","properties":{"@id":"node/12255440993","bus":"yes","highway":"bus_stop","name":"Masjid Al-Saud","network":"ISSAL TANGER","network:wikidata":"Q114666905","public_transport":"platform","public_transport:version":"2","lines":["L5","LI3"],"local_ref":"L5-LI3"},"geometry":{"type":"Point","coordinates":[-5.871608,35.7877549]},"id":"node/12255440993"},{"type":"Feature","properties":{"@id":"node/12255440994","bus":"yes","highway":"bus_stop","name":"Ksar","network":"ISSAL TANGER","network:wikidata":"Q114666905","public_transport":"platform","public_transport:version":"2","lines":["L5","LI3"],"local_ref":"L5-LI3"},"geometry":{"type":"Point","coordinates":[-5.8738509,35.7876054]},"id":"node/12255440994"},{"type":"Feature","properties":{"@id":"node/12255440995","bus":"yes","highway":"bus_stop","name":"Ksar","network":"ISSAL TANGER","network:wikidata":"Q114666905","public_transport":"platform","public_transport:version":"2","lines":["L5","LI3"],"local_ref":"L5-LI3"},"geometry":{"type":"Point","coordinates":[-5.8738037,35.7877471]},"id":"node/12255440995"},{"type":"Feature","properties":{"@id":"node/12255440996","bus":"yes","highway":"bus_stop","name":"Donabo Gardens 1","network":"ISSAL TANGER","network:wikidata":"Q114666905","public_transport":"platform","public_transport:version":"2","lines":["L5","LI3"],"local_ref":"L5-LI3"},"geometry":{"type":"Point","coordinates":[-5.8797244,35.7877809]},"id":"node/12255440996"},{"type":"Feature","properties":{"@id":"node/12255440997","bus":"yes","highway":"bus_stop","name":"Donabo Gardens 1","network":"ISSAL TANGER","network:wikidata":"Q114666905","public_transport":"platform","public_transport:version":"2","lines":["L5","LI3"],"local_ref":"L5-LI3"},"geometry":{"type":"Point","coordinates":[-5.8797223,35.7878921]},"id":"node/12255440997"},{"type":"Feature","properties":{"@id":"node/12255440998","bus":"yes","highway":"bus_stop","name":"Donabo Gardens 2","network":"ISSAL TANGER","network:wikidata":"Q114666905","public_transport":"platform","public_transport:version":"2","lines":["L5","LI3"],"local_ref":"L5-LI3"},"geometry":{"type":"Point","coordinates":[-5.8828769,35.7877827]},"id":"node/12255440998"},{"type":"Feature","properties":{"@id":"node/12255440999","bus":"yes","highway":"bus_stop","name":"Donabo Gardens 2","network":"ISSAL TANGER","network:wikidata":"Q114666905","public_transport":"platform","public_transport:version":"2","lines":["L5","LI3"],"local_ref":"L5-LI3"},"geometry":{"type":"Point","coordinates":[-5.8829873,35.787878]},"id":"node/12255440999"},{"type":"Feature","properties":{"@id":"node/12255441000","bus":"yes","highway":"bus_stop","name":"Donabo Gardens 3","network":"ISSAL TANGER","network:wikidata":"Q114666905","public_transport":"platform","public_transport:version":"2","lines":["L5","LI3"],"local_ref":"L5-LI3"},"geometry":{"type":"Point","coordinates":[-5.8866731,35.7843854]},"id":"node/12255441000"},{"type":"Feature","properties":{"@id":"node/12255441001","bus":"yes","highway":"bus_stop","name":"Donabo Gardens 3","network":"ISSAL TANGER","network:wikidata":"Q114666905","public_transport":"platform","public_transport:version":"2","lines":["L5","LI3"],"local_ref":"L5-LI3"},"geometry":{"type":"Point","coordinates":[-5.8867203,35.784577]},"id":"node/12255441001"},{"type":"Feature","properties":{"@id":"node/12255441002","bus":"yes","highway":"bus_stop","name":"Mediouna2","network":"ISSAL TANGER","network:wikidata":"Q114666905","public_transport":"platform","public_transport:version":"2","lines":["L5","LI3"],"local_ref":"L5-LI3"},"geometry":{"type":"Point","coordinates":[-5.901579,35.7775851]},"id":"node/12255441002"},{"type":"Feature","properties":{"@id":"node/12255441003","bus":"yes","highway":"bus_stop","name":"Mediouna2","network":"ISSAL TANGER","network:wikidata":"Q114666905","public_transport":"platform","public_transport:version":"2","lines":["L5","LI3"],"local_ref":"L5-LI3"},"geometry":{"type":"Point","coordinates":[-5.9016217,35.7777034]},"id":"node/12255441003"},{"type":"Feature","properties":{"@id":"node/12255441004","bus":"yes","highway":"bus_stop","name":"Mediouna1","network":"ISSAL TANGER","network:wikidata":"Q114666905","public_transport":"platform","public_transport:version":"2","lines":["L5","LI3"],"local_ref":"L5-LI3"},"geometry":{"type":"Point","coordinates":[-5.8966368,35.7801205]},"id":"node/12255441004"},{"type":"Feature","properties":{"@id":"node/12255441005","bus":"yes","highway":"bus_stop","name":"Mediouna1","network":"ISSAL TANGER","network:wikidata":"Q114666905","public_transport":"platform","public_transport:version":"2","lines":["L5","LI3"],"local_ref":"L5-LI3"},"geometry":{"type":"Point","coordinates":[-5.8966557,35.7802584]},"id":"node/12255441005"},{"type":"Feature","properties":{"@id":"node/12255441006","bus":"yes","highway":"bus_stop","name":"Entree Mediouna","network":"ISSAL TANGER","network:wikidata":"Q114666905","public_transport":"platform","public_transport:version":"2","lines":["L5","LI3"],"local_ref":"L5-LI3"},"geometry":{"type":"Point","coordinates":[-5.9084242,35.7732751]},"id":"node/12255441006"},{"type":"Feature","properties":{"@id":"node/12255441007","bus":"yes","highway":"bus_stop","name":"Entree Mediouna","network":"ISSAL TANGER","network:wikidata":"Q114666905","public_transport":"platform","public_transport:version":"2","lines":["L5","LI3"],"local_ref":"L5-LI3"},"geometry":{"type":"Point","coordinates":[-5.9085594,35.7732982]},"id":"node/12255441007"},{"type":"Feature","properties":{"@id":"node/12255441015","bus":"yes","highway":"bus_stop","name":"Ecole Mediouna","network":"ISSAL TANGER","network:wikidata":"Q114666905","public_transport":"platform","public_transport:version":"2","lines":["L5","LI3"],"local_ref":"L5-LI3"},"geometry":{"type":"Point","coordinates":[-5.909997,35.7704723]},"id":"node/12255441015"},{"type":"Feature","properties":{"@id":"node/12255441016","bus":"yes","highway":"bus_stop","name":"Ecole Mediouna","network":"ISSAL TANGER","network:wikidata":"Q114666905","public_transport":"platform","public_transport:version":"2","lines":["L5","LI3"],"local_ref":"L5-LI3"},"geometry":{"type":"Point","coordinates":[-5.9098453,35.7704158]},"id":"node/12255441016"},{"type":"Feature","properties":{"@id":"node/12255751131","bus":"yes","highway":"bus_stop","name":"Castilla 3","network":"ISSAL TANGER","network:wikidata":"Q114666905","public_transport":"platform","public_transport:version":"2","lines":["L23","L9A","LI10","LI11","LI18","LI2","LI7","LI8","LI9"],"local_ref":"L23-L9A-LI10-LI11-LI18-LI2-LI7-LI8-LI9"},"geometry":{"type":"Point","coordinates":[-5.8153606,35.7668189]},"id":"node/12255751131"},{"type":"Feature","properties":{"@id":"node/12255751132","bus":"yes","highway":"bus_stop","name":"Castilla 3","network":"ISSAL TANGER","network:wikidata":"Q114666905","public_transport":"platform","public_transport:version":"2","lines":["L23","L9A","LI10","LI11","LI18","LI2","LI7","LI8","LI9"],"local_ref":"L23-L9A-LI10-LI11-LI18-LI2-LI7-LI8-LI9"},"geometry":{"type":"Point","coordinates":[-5.8151626,35.7667562]},"id":"node/12255751132"},{"type":"Feature","properties":{"@id":"node/12255751135","bus":"yes","highway":"bus_stop","name":"Lycée M. ben Ab. al Khattabi","network":"ISSAL TANGER","network:wikidata":"Q114666905","public_transport":"platform","public_transport:version":"2","lines":["LI6","L11"],"local_ref":"LI6-L11"},"geometry":{"type":"Point","coordinates":[-5.8174549,35.7652399]},"id":"node/12255751135"},{"type":"Feature","properties":{"@id":"node/12255751136","bus":"yes","highway":"bus_stop","name":"Lycée M. ben Ab. al Khattabi","network":"ISSAL TANGER","network:wikidata":"Q114666905","public_transport":"platform","public_transport:version":"2","lines":["LI6","L11"],"local_ref":"LI6-L11"},"geometry":{"type":"Point","coordinates":[-5.8173476,35.7651528]},"id":"node/12255751136"},{"type":"Feature","properties":{"@id":"node/12255751138","bus":"yes","highway":"bus_stop","name":"Nakhil","network":"ISSAL TANGER","network:wikidata":"Q114666905","public_transport":"platform","public_transport:version":"2","lines":["LI6","L11"],"local_ref":"LI6-L11"},"geometry":{"type":"Point","coordinates":[-5.8195856,35.7622288]},"id":"node/12255751138"},{"type":"Feature","properties":{"@id":"node/12255751139","bus":"yes","highway":"bus_stop","name":"Nakhil","network":"ISSAL TANGER","network:wikidata":"Q114666905","public_transport":"platform","public_transport:version":"2","lines":["LI6","L11"],"local_ref":"LI6-L11"},"geometry":{"type":"Point","coordinates":[-5.8197325,35.7623524]},"id":"node/12255751139"},{"type":"Feature","properties":{"@id":"node/12255751140","bus":"yes","highway":"bus_stop","name":"Pont Ben Diban","network":"ISSAL TANGER","network:wikidata":"Q114666905","public_transport":"platform","public_transport:version":"2","lines":["L23"],"local_ref":"L23"},"geometry":{"type":"Point","coordinates":[-5.8226845,35.7586233]},"id":"node/12255751140"},{"type":"Feature","properties":{"@id":"node/12255751141","bus":"yes","highway":"bus_stop","name":"Ecole Imam Boukhari","name:ar":"مدرسة الإمام البخاري","network":"ISSAL TANGER","network:wikidata":"Q114666905","public_transport":"platform","lines":["L3","L11"],"local_ref":"L3-L11"},"geometry":{"type":"Point","coordinates":[-5.8247992,35.7567432]},"id":"node/12255751141"},{"type":"Feature","properties":{"@id":"node/12255751142","bus":"yes","highway":"bus_stop","name":"Dar Mouigna","network":"ISSAL TANGER","network:wikidata":"Q114666905","public_transport":"platform","lines":["L3","L11","LI11"],"local_ref":"L3-L11-LI11"},"geometry":{"type":"Point","coordinates":[-5.8282847,35.7538395]},"id":"node/12255751142"},{"type":"Feature","properties":{"@id":"node/12255751144","bus":"yes","highway":"bus_stop","name":"Ecole 18 Novembre","network":"ISSAL TANGER","network:wikidata":"Q114666905","public_transport":"platform","public_transport:version":"2","lines":["L3","L11","LI11"],"local_ref":"L3-L11-LI11"},"geometry":{"type":"Point","coordinates":[-5.8300766,35.7452689]},"id":"node/12255751144"},{"type":"Feature","properties":{"@id":"node/12255751145","bus":"yes","highway":"bus_stop","name":"Pharmacie Makarim","network":"ISSAL TANGER","network:wikidata":"Q114666905","public_transport":"platform","lines":["L3","L11","LI11"],"local_ref":"L3-L11-LI11"},"geometry":{"type":"Point","coordinates":[-5.831333,35.7411138]},"id":"node/12255751145"},{"type":"Feature","properties":{"@id":"node/12255751146","bus":"yes","highway":"bus_stop","name":"Achnad","network":"ISSAL TANGER","network:wikidata":"Q114666905","public_transport":"platform","lines":["L3","L11","LI11"],"local_ref":"L3-L11-LI11"},"geometry":{"type":"Point","coordinates":[-5.8317084,35.7391022]},"id":"node/12255751146"},{"type":"Feature","properties":{"@id":"node/12255751147","bus":"yes","highway":"bus_stop","name":"Lycee Hassan 2","network":"ISSAL TANGER","network:wikidata":"Q114666905","public_transport":"platform","lines":["L11","LI6"],"local_ref":"L11-LI6"},"geometry":{"type":"Point","coordinates":[-5.8330211,35.7373414]},"id":"node/12255751147"},{"type":"Feature","properties":{"@id":"node/12255751148","bus":"yes","highway":"bus_stop","name":"Lycee Hassan 2","network":"ISSAL TANGER","network:wikidata":"Q114666905","public_transport":"platform","lines":["L11","LI6"],"local_ref":"L11-LI6"},"geometry":{"type":"Point","coordinates":[-5.8329362,35.7373119]},"id":"node/12255751148"},{"type":"Feature","properties":{"@id":"node/12255751162","bus":"yes","highway":"bus_stop","name":"Police Sidi Driss","network":"ISSAL TANGER","network:wikidata":"Q114666905","public_transport":"platform","lines":["L11","LI6"],"local_ref":"L11-LI6"},"geometry":{"type":"Point","coordinates":[-5.8346327,35.7341432]},"id":"node/12255751162"},{"type":"Feature","properties":{"@id":"node/12255751163","bus":"yes","highway":"bus_stop","name":"Police Sidi Driss","network":"ISSAL TANGER","network:wikidata":"Q114666905","public_transport":"platform","lines":["L11","LI6"],"local_ref":"L11-LI6"},"geometry":{"type":"Point","coordinates":[-5.8347686,35.7342461]},"id":"node/12255751163"},{"type":"Feature","properties":{"@id":"node/12255751164","bus":"yes","highway":"bus_stop","name":"Alharrarine","network":"ISSAL TANGER","network:wikidata":"Q114666905","public_transport":"platform","lines":["L11","LI6"],"local_ref":"L11-LI6"},"geometry":{"type":"Point","coordinates":[-5.8373111,35.7314337]},"id":"node/12255751164"},{"type":"Feature","properties":{"@id":"node/12255751165","bus":"yes","highway":"bus_stop","name":"Alharrarine","network":"ISSAL TANGER","network:wikidata":"Q114666905","public_transport":"platform","lines":["L11","LI6"],"local_ref":"L11-LI6"},"geometry":{"type":"Point","coordinates":[-5.8371694,35.7313647]},"id":"node/12255751165"},{"type":"Feature","properties":{"@id":"node/12255751166","bus":"yes","highway":"bus_stop","name":"Alharrarine 2","network":"ISSAL TANGER","network:wikidata":"Q114666905","public_transport":"platform","lines":["L11","LI6"],"local_ref":"L11-LI6"},"geometry":{"type":"Point","coordinates":[-5.8407031,35.7292081]},"id":"node/12255751166"},{"type":"Feature","properties":{"@id":"node/12255751167","bus":"yes","highway":"bus_stop","name":"Alharrarine 2","network":"ISSAL TANGER","network:wikidata":"Q114666905","public_transport":"platform","lines":["L11","LI6"],"local_ref":"L11-LI6"},"geometry":{"type":"Point","coordinates":[-5.8407992,35.7293005]},"id":"node/12255751167"},{"type":"Feature","properties":{"@id":"node/12255751168","bus":"yes","highway":"bus_stop","name":"R. Point Gare Routier","network":"ISSAL TANGER","network:wikidata":"Q114666905","public_transport":"platform","lines":["L1","L2","L3","LI1"],"local_ref":"L1-L2-L3-LI1"},"geometry":{"type":"Point","coordinates":[-5.857463,35.7281845]},"id":"node/12255751168"},{"type":"Feature","properties":{"@id":"node/12255751169","bus":"yes","highway":"bus_stop","name":"R. Point Gare Routier","network":"ISSAL TANGER","network:wikidata":"Q114666905","public_transport":"platform","lines":["L1","L2","L3","LI1"],"local_ref":"L1-L2-L3-LI1"},"geometry":{"type":"Point","coordinates":[-5.8575107,35.728446]},"id":"node/12255751169"},{"type":"Feature","properties":{"@id":"node/12256176686","bus":"yes","highway":"bus_stop","name":"Moulay Ismail","network":"ISSAL TANGER","network:wikidata":"Q114666905","public_transport":"platform","lines":["AE","LI16","LI6","LI7"],"local_ref":"AE-LI16-LI6-LI7"},"geometry":{"type":"Point","coordinates":[-5.8068674,35.7678595]},"id":"node/12256176686"},{"type":"Feature","properties":{"@id":"node/12256176687","bus":"yes","highway":"bus_stop","name":"Moulay Ismail","network":"ISSAL TANGER","network:wikidata":"Q114666905","public_transport":"platform","lines":["AE","LI16","LI6","LI7"],"local_ref":"AE-LI16-LI6-LI7"},"geometry":{"type":"Point","coordinates":[-5.8067186,35.7676659]},"id":"node/12256176687"},{"type":"Feature","properties":{"@id":"node/12256176689","bus":"yes","highway":"bus_stop","name":"Souk Drissiya","name:ar":"سوق الإدريسية","network":"ISSAL TANGER","network:wikidata":"Q114666905","public_transport":"platform","lines":["LI6"],"local_ref":"LI6"},"geometry":{"type":"Point","coordinates":[-5.8037316,35.762933]},"id":"node/12256176689"},{"type":"Feature","properties":{"@id":"node/12256176691","bus":"yes","highway":"bus_stop","name":"Rue Fatima Zahra","network":"ISSAL TANGER","network:wikidata":"Q114666905","public_transport":"platform","lines":["LI6"],"local_ref":"LI6"},"geometry":{"type":"Point","coordinates":[-5.8017787,35.7581916]},"id":"node/12256176691"},{"type":"Feature","properties":{"@id":"node/12256176693","bus":"yes","highway":"bus_stop","name":"Pharmacie Ben Allal","network":"ISSAL TANGER","network:wikidata":"Q114666905","public_transport":"platform","lines":["LI6"],"local_ref":"LI6"},"geometry":{"type":"Point","coordinates":[-5.8021694,35.7555656]},"id":"node/12256176693"},{"type":"Feature","properties":{"@id":"node/12256176694","bus":"yes","highway":"bus_stop","name":"Entree Fatima Zahra","network":"ISSAL TANGER","network:wikidata":"Q114666905","public_transport":"platform","lines":["LI6"],"local_ref":"LI6"},"geometry":{"type":"Point","coordinates":[-5.8077817,35.7536618]},"id":"node/12256176694"},{"type":"Feature","properties":{"@id":"node/12256176695","bus":"yes","highway":"bus_stop","name":"Entree Fatima Zahra","network":"ISSAL TANGER","network:wikidata":"Q114666905","public_transport":"platform","lines":["LI6"],"local_ref":"LI6"},"geometry":{"type":"Point","coordinates":[-5.807713,35.7535329]},"id":"node/12256176695"},{"type":"Feature","properties":{"@id":"node/12256176696","bus":"yes","highway":"bus_stop","name":"Cinéma Tarik","network":"ISSAL TANGER","network:wikidata":"Q114666905","public_transport":"platform","lines":["L1","L23"],"local_ref":"L1-L23"},"geometry":{"type":"Point","coordinates":[-5.8100207,35.7532018]},"id":"node/12256176696"},{"type":"Feature","properties":{"@id":"node/12256199015","bus":"yes","highway":"bus_stop","name":"College Ibn Tabit","name:ar":"كلية ابن ثابت","network":"ISSAL TANGER","network:wikidata":"Q114666905","public_transport":"platform","lines":["LI6","L11"],"local_ref":"LI6-L11"},"geometry":{"type":"Point","coordinates":[-5.8164396,35.749136]},"id":"node/12256199015"},{"type":"Feature","properties":{"@id":"node/12256199016","bus":"yes","highway":"bus_stop","name":"College Ibn Tabit","name:ar":"كلية ابن ثابت","network":"ISSAL TANGER","network:wikidata":"Q114666905","public_transport":"platform","lines":["LI6","L11"],"local_ref":"LI6-L11"},"geometry":{"type":"Point","coordinates":[-5.8165849,35.7491723]},"id":"node/12256199016"},{"type":"Feature","properties":{"@id":"node/12256199017","bus":"yes","highway":"bus_stop","name":"Souika","network":"ISSAL TANGER","network:wikidata":"Q114666905","public_transport":"platform","public_transport:version":"2","lines":["L20"],"local_ref":"L20"},"geometry":{"type":"Point","coordinates":[-5.8243273,35.7428867]},"id":"node/12256199017"},{"type":"Feature","properties":{"@id":"node/12256297104","bus":"yes","highway":"bus_stop","name":"Sania Wikaia","public_transport":"platform","public_transport:version":"2","lines":["L8"],"local_ref":"L8","network":"ISSAL TANGER"},"geometry":{"type":"Point","coordinates":[-5.7521636,35.7673469]},"id":"node/12256297104"},{"type":"Feature","properties":{"@id":"node/12256297105","bus":"yes","highway":"bus_stop","name":"Sania Wikaia","public_transport":"platform","public_transport:version":"2","lines":["L8"],"local_ref":"L8","network":"ISSAL TANGER"},"geometry":{"type":"Point","coordinates":[-5.7521554,35.7672272]},"id":"node/12256297105"},{"type":"Feature","properties":{"@id":"node/12256297107","bus":"yes","highway":"bus_stop","local_ref":"LI3-LI5-L8-LI12-L14-L16-L20","name":"Hawma El Oued","name:ar":"حومة الوادي","network":"ISSAL TANGER","network:wikidata":"Q114666905","public_transport":"platform","public_transport:version":"2","lines":["LI3","LI5","L8","LI12","L14","L16","L20"]},"geometry":{"type":"Point","coordinates":[-5.7592145,35.7707561]},"id":"node/12256297107"},{"type":"Feature","properties":{"@id":"node/12256297108","bus":"yes","highway":"bus_stop","local_ref":"LI3-LI5-L8-LI12-L14-L16-L20","name":"Pharmacie Oued Sania","name:ar":"صيدلية وادي السانية","network":"ISSAL TANGER","network:wikidata":"Q114666905","public_transport":"platform","public_transport:version":"2","lines":["LI3","LI5","L8","LI12","L14","L16","L20"]},"geometry":{"type":"Point","coordinates":[-5.7576257,35.7689733]},"id":"node/12256297108"},{"type":"Feature","properties":{"@id":"node/12256297109","bus":"yes","highway":"bus_stop","local_ref":"LI3-LI5-L8-LI12-L14-L16-L20","name":"Pharmacie Oued Sania","name:ar":"صيدلية وادي السانية","network":"ISSAL TANGER","network:wikidata":"Q114666905","public_transport":"platform","public_transport:version":"2","lines":["LI3","LI5","L8","LI12","L14","L16","L20"]},"geometry":{"type":"Point","coordinates":[-5.7574888,35.7690691]},"id":"node/12256297109"},{"type":"Feature","properties":{"@id":"node/12256297110","bus":"yes","highway":"bus_stop","local_ref":"LI3-LI5-L8-LI12-L14-L16-L20","name":"Oued Sania","name:ar":"وادي السانية","network":"ISSAL TANGER","network:wikidata":"Q114666905","public_transport":"platform","public_transport:version":"2","lines":["LI3","LI5","L8","LI12","L14","L16","L20"]},"geometry":{"type":"Point","coordinates":[-5.7549921,35.7678834]},"id":"node/12256297110"},{"type":"Feature","properties":{"@id":"node/12256297111","bus":"yes","highway":"bus_stop","local_ref":"LI3-LI5-L8-LI12-L14-L16-L20","name":"Oued Sania","name:ar":"وادي السانية","network":"ISSAL TANGER","network:wikidata":"Q114666905","public_transport":"platform","public_transport:version":"2","lines":["LI3","LI5","L8","LI12","L14","L16","L20"]},"geometry":{"type":"Point","coordinates":[-5.7549608,35.7680816]},"id":"node/12256297111"},{"type":"Feature","properties":{"@id":"node/12256297113","bus":"yes","highway":"bus_stop","local_ref":"LI5-L8-LI12-L14-L16-L20","name":"Tanja El Balia","network":"ISSAL TANGER","network:wikidata":"Q114666905","public_transport":"platform","public_transport:version":"2","lines":["LI5","L8","LI12","L14","L16","L20"]},"geometry":{"type":"Point","coordinates":[-5.7684779,35.7716563]},"id":"node/12256297113"},{"type":"Feature","properties":{"@id":"node/12256297115","bus":"yes","highway":"bus_stop","local_ref":"LI3-L8-LI12-L14-L16","name":"Ksar Diyafa","network":"ISSAL TANGER","network:wikidata":"Q114666905","public_transport":"platform","public_transport:version":"2","lines":["LI3","L8","LI12","L14","L16"]},"geometry":{"type":"Point","coordinates":[-5.775371,35.7725531]},"id":"node/12256297115"},{"type":"Feature","properties":{"@id":"node/12256297116","bus":"yes","highway":"bus_stop","local_ref":"L14-L16-L20","name":"Hotel Ibis","network":"ISSAL TANGER","network:wikidata":"Q114666905","public_transport":"platform","public_transport:version":"2","lines":["L14","L16","L20"]},"geometry":{"type":"Point","coordinates":[-5.7825077,35.7713093]},"id":"node/12256297116"},{"type":"Feature","properties":{"@id":"node/12256297119","bus":"yes","highway":"bus_stop","name":"Castilla CNSS","network":"ISSAL TANGER","network:wikidata":"Q114666905","public_transport":"platform","public_transport:version":"2","lines":["L1B","L23","L26","L8","L9A","LI10","LI11","LI18","LI2","LI7","LI8","LI9"],"local_ref":"L1B-L23-L26-L8-L9A-LI10-LI11-LI18-LI2-LI7-LI8-LI9"},"geometry":{"type":"Point","coordinates":[-5.81394,35.7677471]},"id":"node/12256297119"},{"type":"Feature","properties":{"@id":"node/12256297120","bus":"yes","highway":"bus_stop","name":"Castilla Poste","network":"ISSAL TANGER","network:wikidata":"Q114666905","public_transport":"platform","public_transport:version":"2","lines":["L1B","L23","L26","L8","L9A","LI10","LI11","LI18","LI2","LI7","LI8","LI9"],"local_ref":"L1B-L23-L26-L8-L9A-LI10-LI11-LI18-LI2-LI7-LI8-LI9"},"geometry":{"type":"Point","coordinates":[-5.81546,35.7674171]},"id":"node/12256297120"},{"type":"Feature","properties":{"@id":"node/12256297121","bus":"yes","highway":"bus_stop","name":"Castilla Poste","network":"ISSAL TANGER","network:wikidata":"Q114666905","public_transport":"platform","public_transport:version":"2","lines":["L1B","L23","L26","L8","L9A","LI10","LI11","LI18","LI2","LI7","LI8","LI9"],"local_ref":"L1B-L23-L26-L8-L9A-LI10-LI11-LI18-LI2-LI7-LI8-LI9"},"geometry":{"type":"Point","coordinates":[-5.815476,35.7675122]},"id":"node/12256297121"},{"type":"Feature","properties":{"@id":"node/12256297123","bus":"yes","highway":"bus_stop","name":"Ecole Al Quds","network":"ISSAL TANGER","network:wikidata":"Q114666905","public_transport":"platform","public_transport:version":"2","lines":["L8","L9A","LI8"],"local_ref":"L8-L9A-LI8"},"geometry":{"type":"Point","coordinates":[-5.8288247,35.7644442]},"id":"node/12256297123"},{"type":"Feature","properties":{"@id":"node/12256297125","bus":"yes","highway":"bus_stop","name":"Ecole Fatima Ezzahrae","network":"ISSAL TANGER","network:wikidata":"Q114666905","public_transport":"platform","public_transport:version":"2","lines":["L8","L9A","LI8"],"local_ref":"L8-L9A-LI8"},"geometry":{"type":"Point","coordinates":[-5.8312711,35.7630477]},"id":"node/12256297125"},{"type":"Feature","properties":{"@id":"node/12256297126","bus":"yes","highway":"bus_stop","name":"Rue Ibn Ardoune","network":"ISSAL TANGER","network:wikidata":"Q114666905","public_transport":"platform","public_transport:version":"2","lines":["L8","L9A","LI8"],"local_ref":"L8-L9A-LI8"},"geometry":{"type":"Point","coordinates":[-5.8320846,35.7617215]},"id":"node/12256297126"},{"type":"Feature","properties":{"@id":"node/12256297127","bus":"yes","highway":"bus_stop","name":"Branes","network":"ISSAL TANGER","network:wikidata":"Q114666905","public_transport":"platform","public_transport:version":"2","lines":["L8"],"local_ref":"L8"},"geometry":{"type":"Point","coordinates":[-5.8327699,35.7586186]},"id":"node/12256297127"},{"type":"Feature","properties":{"@id":"node/12256297128","bus":"yes","highway":"bus_stop","name":"Branes","network":"ISSAL TANGER","network:wikidata":"Q114666905","public_transport":"platform","public_transport:version":"2","lines":["L8"],"local_ref":"L8"},"geometry":{"type":"Point","coordinates":[-5.8329331,35.7586539]},"id":"node/12256297128"},{"type":"Feature","properties":{"@id":"node/12256297129","bus":"yes","highway":"bus_stop","name":"Masaha","network":"ISSAL TANGER","network:wikidata":"Q114666905","public_transport":"platform","public_transport:version":"2","lines":["L8"],"local_ref":"L8"},"geometry":{"type":"Point","coordinates":[-5.8339307,35.7564377]},"id":"node/12256297129"},{"type":"Feature","properties":{"@id":"node/12256297130","bus":"yes","highway":"bus_stop","name":"Masaha","network":"ISSAL TANGER","network:wikidata":"Q114666905","public_transport":"platform","public_transport:version":"2","lines":["L8"],"local_ref":"L8"},"geometry":{"type":"Point","coordinates":[-5.8340045,35.7565874]},"id":"node/12256297130"},{"type":"Feature","properties":{"@id":"node/12256297131","bus":"yes","highway":"bus_stop","name":"Jarcom","network":"ISSAL TANGER","network:wikidata":"Q114666905","public_transport":"platform","public_transport:version":"2","lines":["L8"],"local_ref":"L8"},"geometry":{"type":"Point","coordinates":[-5.8356799,35.7563674]},"id":"node/12256297131"},{"type":"Feature","properties":{"@id":"node/12256297132","bus":"yes","highway":"bus_stop","name":"Jarcom","network":"ISSAL TANGER","network:wikidata":"Q114666905","public_transport":"platform","public_transport:version":"2","lines":["L8"],"local_ref":"L8"},"geometry":{"type":"Point","coordinates":[-5.8357413,35.7562486]},"id":"node/12256297132"},{"type":"Feature","properties":{"@id":"node/12256297133","bus":"yes","highway":"bus_stop","name":"Hammadi ameziane","network":"ISSAL TANGER","network:wikidata":"Q114666905","public_transport":"platform","public_transport:version":"2","lines":["L8"],"local_ref":"L8"},"geometry":{"type":"Point","coordinates":[-5.8383334,35.7564937]},"id":"node/12256297133"},{"type":"Feature","properties":{"@id":"node/12256297134","bus":"yes","highway":"bus_stop","name":"Hammadi Ameziane","network":"ISSAL TANGER","network:wikidata":"Q114666905","public_transport":"platform","public_transport:version":"2","lines":["L8"],"local_ref":"L8"},"geometry":{"type":"Point","coordinates":[-5.8385277,35.7566158]},"id":"node/12256297134"},{"type":"Feature","properties":{"@id":"node/12256297135","bus":"yes","highway":"bus_stop","name":"Residence Al Hambra","network":"ISSAL TANGER","network:wikidata":"Q114666905","public_transport":"platform","public_transport:version":"2","lines":["L8"],"local_ref":"L8"},"geometry":{"type":"Point","coordinates":[-5.8403212,35.7550546]},"id":"node/12256297135"},{"type":"Feature","properties":{"@id":"node/12256297136","bus":"yes","highway":"bus_stop","name":"Residence Al Hambra","network":"ISSAL TANGER","network:wikidata":"Q114666905","public_transport":"platform","public_transport:version":"2","lines":["L8"],"local_ref":"L8"},"geometry":{"type":"Point","coordinates":[-5.8400525,35.7555962]},"id":"node/12256297136"},{"type":"Feature","properties":{"@id":"node/12256297171","bus":"yes","highway":"bus_stop","name":"L'Kharba","network":"ISSAL TANGER","network:wikidata":"Q114666905","public_transport":"platform","public_transport:version":"2","lines":["L8"],"local_ref":"L8"},"geometry":{"type":"Point","coordinates":[-5.8439901,35.7524356]},"id":"node/12256297171"},{"type":"Feature","properties":{"@id":"node/12256297172","bus":"yes","highway":"bus_stop","name":"L'Kharba","network":"ISSAL TANGER","network:wikidata":"Q114666905","public_transport":"platform","public_transport:version":"2","lines":["L8"],"local_ref":"L8"},"geometry":{"type":"Point","coordinates":[-5.8440816,35.7525317]},"id":"node/12256297172"},{"type":"Feature","properties":{"@id":"node/12256297173","bus":"yes","highway":"bus_stop","name":"Doha Wafaa","network":"ISSAL TANGER","network:wikidata":"Q114666905","public_transport":"platform","public_transport:version":"2","lines":["L8"],"local_ref":"L8"},"geometry":{"type":"Point","coordinates":[-5.8472502,35.749111]},"id":"node/12256297173"},{"type":"Feature","properties":{"@id":"node/12256297174","bus":"yes","highway":"bus_stop","name":"Doha Wafaa","network":"ISSAL TANGER","network:wikidata":"Q114666905","public_transport":"platform","public_transport:version":"2","lines":["L8"],"local_ref":"L8"},"geometry":{"type":"Point","coordinates":[-5.847551,35.7493449]},"id":"node/12256297174"},{"type":"Feature","properties":{"@id":"node/12256308606","bus":"yes","highway":"bus_stop","name":"Residence Vertes","network":"ISSAL TANGER","network:wikidata":"Q114666905","public_transport":"platform","public_transport:version":"2","lines":["L8"],"local_ref":"L8"},"geometry":{"type":"Point","coordinates":[-5.8502333,35.7468948]},"id":"node/12256308606"},{"type":"Feature","properties":{"@id":"node/12256308607","bus":"yes","highway":"bus_stop","name":"Residence Vertes","network":"ISSAL TANGER","network:wikidata":"Q114666905","public_transport":"platform","public_transport:version":"2","lines":["L8"],"local_ref":"L8"},"geometry":{"type":"Point","coordinates":[-5.8503899,35.7470854]},"id":"node/12256308607"},{"type":"Feature","properties":{"@id":"node/12260939232","bus":"yes","highway":"bus_stop","local_ref":"L9A-L10","name":"Terminus Dradeb","network":"ISSAL TANGER","network:wikidata":"Q114666905","operator":"ISSAL","public_transport":"platform","public_transport:version":"2","lines":["L9A","L10"]},"geometry":{"type":"Point","coordinates":[-5.8347358,35.7857163]},"id":"node/12260939232"},{"type":"Feature","properties":{"@id":"node/12260939233","bus":"yes","highway":"bus_stop","local_ref":"L9A-L10","name":"Terminus Dradeb","network":"ISSAL TANGER","network:wikidata":"Q114666905","operator":"ISSAL","public_transport":"platform","public_transport:version":"2","lines":["L9A","L10"]},"geometry":{"type":"Point","coordinates":[-5.8349268,35.7856243]},"id":"node/12260939233"},{"type":"Feature","properties":{"@id":"node/12261011006","bus":"yes","highway":"bus_stop","name":"Plaza Toros بلاصة توروس","name:ar":"بلاصة توروس","name:es":"Plaza Toros","network":"ISSAL TANGER","network:wikidata":"Q114666905","public_transport":"platform","public_transport:version":"2","lines":["L18","LI16","LI7"],"local_ref":"L18-LI16-LI7"},"geometry":{"type":"Point","coordinates":[-5.7970556,35.7638689]},"id":"node/12261011006"},{"type":"Feature","properties":{"@id":"node/12261011009","bus":"yes","highway":"bus_stop","name":"Hawma Chok1","network":"ISSAL TANGER","network:wikidata":"Q114666905","public_transport":"platform","public_transport:version":"2","lines":["L13","L18","LI16","LI7"],"local_ref":"L13-L18-LI16-LI7"},"geometry":{"type":"Point","coordinates":[-5.7948015,35.7614642]},"id":"node/12261011009"},{"type":"Feature","properties":{"@id":"node/12261011010","bus":"yes","highway":"bus_stop","name":"Hawma Chok1","network":"ISSAL TANGER","network:wikidata":"Q114666905","public_transport":"platform","public_transport:version":"2","lines":["L13","L18","LI16","LI7"],"local_ref":"L13-L18-LI16-LI7"},"geometry":{"type":"Point","coordinates":[-5.7949504,35.7611777]},"id":"node/12261011010"},{"type":"Feature","properties":{"@id":"node/12261011014","bus":"yes","highway":"bus_stop","local_ref":"LI4-LI7-L10-L13-LI13-LI16-L23-LI24","name":"Entree Mghoga","network":"ISSAL TANGER","network:wikidata":"Q114666905","public_transport":"platform","public_transport:version":"2","lines":["LI4","LI7","L10","L13","LI13","LI16","L23","LI24"]},"geometry":{"type":"Point","coordinates":[-5.7870513,35.7487183]},"id":"node/12261011014"},{"type":"Feature","properties":{"@id":"node/12261096576","bus":"yes","highway":"bus_stop","name":"Lycée Allal Al Fassi","network":"ISSAL TANGER","network:wikidata":"Q114666905","public_transport":"platform","lines":["L23","LI6"],"local_ref":"L23-LI6"},"geometry":{"type":"Point","coordinates":[-5.8052552,35.7523664]},"id":"node/12261096576"},{"type":"Feature","properties":{"@id":"node/12261096579","bus":"yes","highway":"bus_stop","name":"Marché Centrale","network":"ISSAL TANGER","network:wikidata":"Q114666905","public_transport":"platform","public_transport:version":"2","lines":["L20","LI6"],"local_ref":"L20-LI6"},"geometry":{"type":"Point","coordinates":[-5.7988678,35.7490244]},"id":"node/12261096579"},{"type":"Feature","properties":{"@id":"node/12261096583","bus":"yes","highway":"bus_stop","local_ref":"LI1-LI6-LI14-L11-L27","name":"Zahra","network":"ISSAL TANGER","network:wikidata":"Q114666905","operator":"ISSAL","public_transport":"platform","public_transport:version":"2","lines":["LI1","LI6","LI14","L11","L27"]},"geometry":{"type":"Point","coordinates":[-5.8002515,35.740711]},"id":"node/12261096583"},{"type":"Feature","properties":{"@id":"node/12261096584","bus":"yes","highway":"bus_stop","local_ref":"L11-L27-L30","name":"Place Aouama","network":"ISSAL TANGER","network:wikidata":"Q114666905","operator":"ISSAL","public_transport":"platform","public_transport:version":"2","lines":["L11","L27","L30"]},"geometry":{"type":"Point","coordinates":[-5.8014175,35.7370871]},"id":"node/12261096584"},{"type":"Feature","properties":{"@id":"node/12261096586","bus":"yes","highway":"bus_stop","local_ref":"LI1-LI6-LI14-L11-L30","name":"Hawmat Soussi","network":"ISSAL TANGER","network:wikidata":"Q114666905","operator":"ISSAL","public_transport":"platform","public_transport:version":"2","lines":["LI1","LI6","LI14","L11","L30"]},"geometry":{"type":"Point","coordinates":[-5.8026778,35.7318884]},"id":"node/12261096586"},{"type":"Feature","properties":{"@id":"node/12261096588","bus":"yes","highway":"bus_stop","local_ref":"LI1-LI6-LI14-L11-L30","name":"Entrée de Bouhceine","network":"ISSAL TANGER","network:wikidata":"Q114666905","operator":"ISSAL","public_transport":"platform","public_transport:version":"2","lines":["LI1","LI6","LI14","L11","L30"]},"geometry":{"type":"Point","coordinates":[-5.8041128,35.7262585]},"id":"node/12261096588"},{"type":"Feature","properties":{"@id":"node/12261096589","bus":"yes","highway":"bus_stop","local_ref":"LI1-LI6-LI14-L11-L30","name":"Doha","network":"ISSAL TANGER","network:wikidata":"Q114666905","operator":"ISSAL","public_transport":"platform","public_transport:version":"2","lines":["LI1","LI6","LI14","L11","L30"]},"geometry":{"type":"Point","coordinates":[-5.8048532,35.7240066]},"id":"node/12261096589"},{"type":"Feature","properties":{"@id":"node/12261096590","bus":"yes","highway":"bus_stop","local_ref":"LI1-LI6-LI14-L11-L30","name":"Doha","network":"ISSAL TANGER","network:wikidata":"Q114666905","operator":"ISSAL","public_transport":"platform","public_transport:version":"2","lines":["LI1","LI6","LI14","L11","L30"]},"geometry":{"type":"Point","coordinates":[-5.805107,35.7239511]},"id":"node/12261096590"},{"type":"Feature","properties":{"@id":"node/12261096593","bus":"yes","highway":"bus_stop","local_ref":"LI1-LI6-LI14-L11","name":"Residence Amrah","network":"ISSAL TANGER","network:wikidata":"Q114666905","operator":"ISSAL","public_transport":"platform","public_transport:version":"2","lines":["LI1","LI6","LI14","L11"]},"geometry":{"type":"Point","coordinates":[-5.8048606,35.7194828]},"id":"node/12261096593"},{"type":"Feature","properties":{"@id":"node/12261096596","bus":"yes","highway":"bus_stop","local_ref":"LI1-LI6-L11-LI14","name":"École L'Aouma","name:ar":"مدرسة العومة","network":"ISSAL TANGER","network:wikidata":"Q114666905","public_transport":"platform","public_transport:version":"2","lines":["LI1","LI6","L11","LI14"]},"geometry":{"type":"Point","coordinates":[-5.8043855,35.7143133]},"id":"node/12261096596"},{"type":"Feature","properties":{"@id":"node/12261096597","bus":"yes","highway":"bus_stop","local_ref":"LI1-LI6-L11-LI14","name":"Bir El Ghazi","name:ar":"بئر الغازي","network":"ISSAL TANGER","network:wikidata":"Q114666905","public_transport":"platform","public_transport:version":"2","lines":["LI1","LI6","L11","LI14"]},"geometry":{"type":"Point","coordinates":[-5.8045821,35.7168495]},"id":"node/12261096597"},{"type":"Feature","properties":{"@id":"node/12261125053","bus":"yes","highway":"bus_stop","local_ref":"LI1-LI6-L11-LI14","name":"Ganboria 1","name:ar":"الكنبورية 1","network":"ISSAL TANGER","network:wikidata":"Q114666905","public_transport":"platform","public_transport:version":"2","lines":["LI1","LI6","L11","LI14"]},"geometry":{"type":"Point","coordinates":[-5.8051864,35.7097779]},"id":"node/12261125053"},{"type":"Feature","properties":{"@id":"node/12261125054","bus":"yes","highway":"bus_stop","local_ref":"LI1-LI6-L11-LI14","name":"Ganboria 2","network":"ISSAL TANGER","network:wikidata":"Q114666905","public_transport":"platform","public_transport:version":"2","lines":["LI1","LI6","L11","LI14"]},"geometry":{"type":"Point","coordinates":[-5.8080194,35.7087856]},"id":"node/12261125054"},{"type":"Feature","properties":{"@id":"node/12261125057","bus":"yes","highway":"bus_stop","local_ref":"LI1-LI6-L11-LI14","name":"R.Point Al Yacout","network":"ISSAL TANGER","network:wikidata":"Q114666905","public_transport":"platform","public_transport:version":"2","lines":["LI1","LI6","L11","LI14"]},"geometry":{"type":"Point","coordinates":[-5.8133934,35.7069719]},"id":"node/12261125057"},{"type":"Feature","properties":{"@id":"node/12264449626","bus":"yes","highway":"bus_stop","local_ref":"LI1-LI6-L11-LI14","name":"Parc Villa Harris","network":"ISSAL TANGER","network:wikidata":"Q114666905","public_transport":"platform","public_transport:version":"2","lines":["LI1","LI6","L11","LI14"]},"geometry":{"type":"Point","coordinates":[-5.7617554,35.778528]},"id":"node/12264449626"},{"type":"Feature","properties":{"@id":"node/12264449627","bus":"yes","highway":"bus_stop","local_ref":"LI1-LI6-L11-LI14","name":"Parc Villa Harris","network":"ISSAL TANGER","network:wikidata":"Q114666905","public_transport":"platform","public_transport:version":"2","lines":["LI1","LI6","L11","LI14"]},"geometry":{"type":"Point","coordinates":[-5.761966,35.7786248]},"id":"node/12264449627"},{"type":"Feature","properties":{"@id":"node/12264613868","bus":"yes","highway":"bus_stop","name":"Hay Al Haddad 2","name:ar":"حي الحداد 2","network":"ISSAL TANGER","network:wikidata":"Q114666905","public_transport":"platform","lines":["L3","L11"],"local_ref":"L3-L11"},"geometry":{"type":"Point","coordinates":[-5.8054419,35.7373429]},"id":"node/12264613868"},{"type":"Feature","properties":{"@id":"node/12264613869","bus":"yes","highway":"bus_stop","name":"Haoumat Zoutia","network":"ISSAL TANGER","network:wikidata":"Q114666905","public_transport":"platform","lines":["L3","L11"],"local_ref":"L3-L11"},"geometry":{"type":"Point","coordinates":[-5.8066808,35.7305743]},"id":"node/12264613869"},{"type":"Feature","properties":{"@id":"node/12264613870","bus":"yes","highway":"bus_stop","name":"Haoumat Zoutia","network":"ISSAL TANGER","network:wikidata":"Q114666905","public_transport":"platform","lines":["L3","L11"],"local_ref":"L3-L11"},"geometry":{"type":"Point","coordinates":[-5.806769,35.7307505]},"id":"node/12264613870"},{"type":"Feature","properties":{"@id":"node/12264613871","bus":"yes","highway":"bus_stop","name":"Talaa Zoutia","network":"ISSAL TANGER","network:wikidata":"Q114666905","public_transport":"platform","lines":["L3","L11"],"local_ref":"L3-L11"},"geometry":{"type":"Point","coordinates":[-5.8056133,35.7332919]},"id":"node/12264613871"},{"type":"Feature","properties":{"@id":"node/12264613872","bus":"yes","highway":"bus_stop","name":"Talaa Zoutia","network":"ISSAL TANGER","network:wikidata":"Q114666905","public_transport":"platform","lines":["L3","L11"],"local_ref":"L3-L11"},"geometry":{"type":"Point","coordinates":[-5.8057985,35.7333116]},"id":"node/12264613872"},{"type":"Feature","properties":{"@id":"node/12264613877","bus":"yes","highway":"bus_stop","name":"Hay Al Haddad 1","name:ar":"حي الحداد 1","network":"ISSAL TANGER","network:wikidata":"Q114666905","public_transport":"platform","lines":["L3","L11"],"local_ref":"L3-L11"},"geometry":{"type":"Point","coordinates":[-5.8056644,35.7395837]},"id":"node/12264613877"},{"type":"Feature","properties":{"@id":"node/12264613878","bus":"yes","highway":"bus_stop","name":"Hay Al Haddad 1","name:ar":"حي الحداد 1","network":"ISSAL TANGER","network:wikidata":"Q114666905","public_transport":"platform","lines":["L3","L11"],"local_ref":"L3-L11"},"geometry":{"type":"Point","coordinates":[-5.8057793,35.7395422]},"id":"node/12264613878"},{"type":"Feature","properties":{"@id":"node/12264613887","bus":"yes","highway":"bus_stop","name":"Hanae 2","network":"ISSAL TANGER","network:wikidata":"Q114666905","public_transport":"platform","lines":["L11","LI6"],"local_ref":"L11-LI6"},"geometry":{"type":"Point","coordinates":[-5.8082774,35.7273372]},"id":"node/12264613887"},{"type":"Feature","properties":{"@id":"node/12264613888","bus":"yes","highway":"bus_stop","name":"Hanae 2","network":"ISSAL TANGER","network:wikidata":"Q114666905","public_transport":"platform","lines":["L11","LI6"],"local_ref":"L11-LI6"},"geometry":{"type":"Point","coordinates":[-5.8084404,35.7274102]},"id":"node/12264613888"},{"type":"Feature","properties":{"@id":"node/12264613889","bus":"yes","highway":"bus_stop","name":"Mrabet","network":"ISSAL TANGER","network:wikidata":"Q114666905","public_transport":"platform","lines":["L11","LI6"],"local_ref":"L11-LI6"},"geometry":{"type":"Point","coordinates":[-5.8104872,35.7253983]},"id":"node/12264613889"},{"type":"Feature","properties":{"@id":"node/12264617005","bus":"yes","highway":"bus_stop","name":"lycée Mourabitine","network":"ISSAL TANGER","network:wikidata":"Q114666905","public_transport":"platform","lines":["L11","LI6"],"local_ref":"L11-LI6"},"geometry":{"type":"Point","coordinates":[-5.8133894,35.7272174]},"id":"node/12264617005"},{"type":"Feature","properties":{"@id":"node/12264617011","bus":"yes","highway":"bus_stop","name":"lycée Mourabitine","network":"ISSAL TANGER","network:wikidata":"Q114666905","public_transport":"platform","lines":["L11","LI6"],"local_ref":"L11-LI6"},"geometry":{"type":"Point","coordinates":[-5.8134887,35.7271786]},"id":"node/12264617011"},{"type":"Feature","properties":{"@id":"node/12264617012","bus":"yes","highway":"bus_stop","name":"Amendis Dhar Kanfod","network":"ISSAL TANGER","network:wikidata":"Q114666905","public_transport":"platform","lines":["L11","LI6"],"local_ref":"L11-LI6"},"geometry":{"type":"Point","coordinates":[-5.8139643,35.7296762]},"id":"node/12264617012"},{"type":"Feature","properties":{"@id":"node/12264617013","bus":"yes","highway":"bus_stop","name":"Amendis Dhar Kanfod","network":"ISSAL TANGER","network:wikidata":"Q114666905","public_transport":"platform","lines":["L11","LI6"],"local_ref":"L11-LI6"},"geometry":{"type":"Point","coordinates":[-5.8138451,35.7297144]},"id":"node/12264617013"},{"type":"Feature","properties":{"@id":"node/12264617028","bus":"yes","highway":"bus_stop","name":"Pharmacie Al Machkouri","network":"ISSAL TANGER","network:wikidata":"Q114666905","public_transport":"platform","lines":["LI6","L11"],"local_ref":"LI6-L11"},"geometry":{"type":"Point","coordinates":[-5.8151184,35.7327319]},"id":"node/12264617028"},{"type":"Feature","properties":{"@id":"node/12264617029","bus":"yes","highway":"bus_stop","name":"Pharmacie Al Machkouri","network":"ISSAL TANGER","network:wikidata":"Q114666905","public_transport":"platform","lines":["LI6","L11"],"local_ref":"LI6-L11"},"geometry":{"type":"Point","coordinates":[-5.8154871,35.7329456]},"id":"node/12264617029"},{"type":"Feature","properties":{"@id":"node/12264617030","bus":"yes","highway":"bus_stop","name":"Lycee Ibn Yassine","network":"ISSAL TANGER","network:wikidata":"Q114666905","public_transport":"platform","lines":["LI6","L11"],"local_ref":"LI6-L11"},"geometry":{"type":"Point","coordinates":[-5.8172411,35.7348107]},"id":"node/12264617030"},{"type":"Feature","properties":{"@id":"node/12264617031","bus":"yes","highway":"bus_stop","name":"Lycee Ibn Yassine","network":"ISSAL TANGER","network:wikidata":"Q114666905","public_transport":"platform","lines":["LI6","L11"],"local_ref":"LI6-L11"},"geometry":{"type":"Point","coordinates":[-5.8172705,35.7346853]},"id":"node/12264617031"},{"type":"Feature","properties":{"@id":"node/12264617042","bus":"yes","highway":"bus_stop","name":"Souk El Mers","network":"ISSAL TANGER","network:wikidata":"Q114666905","public_transport":"platform","lines":["LI6","L11"],"local_ref":"LI6-L11"},"geometry":{"type":"Point","coordinates":[-5.819301,35.7354633]},"id":"node/12264617042"},{"type":"Feature","properties":{"@id":"node/12264617043","bus":"yes","highway":"bus_stop","name":"Souk El Mers","network":"ISSAL TANGER","network:wikidata":"Q114666905","public_transport":"platform","lines":["LI6","L11"],"local_ref":"LI6-L11"},"geometry":{"type":"Point","coordinates":[-5.8192962,35.7353851]},"id":"node/12264617043"},{"type":"Feature","properties":{"@id":"node/12264617046","bus":"yes","highway":"bus_stop","name":"Pharmacie Maha (Terminus)","network":"ISSAL TANGER","network:wikidata":"Q114666905","public_transport":"platform","lines":["L3","LI11"],"local_ref":"L3-LI11"},"geometry":{"type":"Point","coordinates":[-5.8217343,35.7364592]},"id":"node/12264617046"},{"type":"Feature","properties":{"@id":"node/12264617047","bus":"yes","highway":"bus_stop","name":"Pharmacie Maha (Terminus)","network":"ISSAL TANGER","network:wikidata":"Q114666905","public_transport":"platform","lines":["L3","LI11"],"local_ref":"L3-LI11"},"geometry":{"type":"Point","coordinates":[-5.8218137,35.736426]},"id":"node/12264617047"},{"type":"Feature","properties":{"@id":"node/12264862404","bus":"yes","highway":"bus_stop","name":"Commune Charf","network":"ISSAL TANGER","network:wikidata":"Q114666905","public_transport":"platform","lines":["L13"],"local_ref":"L13"},"geometry":{"type":"Point","coordinates":[-5.793603,35.7675258]},"id":"node/12264862404"},{"type":"Feature","properties":{"@id":"node/12264862405","bus":"yes","highway":"bus_stop","name":"Commune Charf","network":"ISSAL TANGER","network:wikidata":"Q114666905","public_transport":"platform","lines":["L13"],"local_ref":"L13"},"geometry":{"type":"Point","coordinates":[-5.7934063,35.7675304]},"id":"node/12264862405"},{"type":"Feature","properties":{"@id":"node/12264919730","bus":"yes","highway":"bus_stop","local_ref":"L6-L18-L14","name":"Ras Msallah","network":"ISSAL TANGER","network:wikidata":"Q114666905","public_transport":"platform","public_transport:version":"2","lines":["L6","L18","L14"]},"geometry":{"type":"Point","coordinates":[-5.8162006,35.7809582]},"id":"node/12264919730"},{"type":"Feature","properties":{"@id":"node/12264919731","bus":"yes","highway":"bus_stop","local_ref":"L14-L18","name":"Hotel Rembrand","network":"ISSAL TANGER","network:wikidata":"Q114666905","public_transport":"platform","public_transport:version":"2","lines":["L14","L18"]},"geometry":{"type":"Point","coordinates":[-5.8086771,35.7797938]},"id":"node/12264919731"},{"type":"Feature","properties":{"@id":"node/12264919733","bus":"yes","highway":"bus_stop","local_ref":"L14-L18","name":"Place des Nations","network":"ISSAL TANGER","network:wikidata":"Q114666905","public_transport":"platform","public_transport:version":"2","lines":["L14","L18"]},"geometry":{"type":"Point","coordinates":[-5.803922,35.7767901]},"id":"node/12264919733"},{"type":"Feature","properties":{"@id":"node/12264929907","bus":"yes","highway":"bus_stop","name":"Sania","network":"ISSAL TANGER","network:wikidata":"Q114666905","public_transport":"platform","lines":["L14"],"local_ref":"L14"},"geometry":{"type":"Point","coordinates":[-5.7585153,35.7802086]},"id":"node/12264929907"},{"type":"Feature","properties":{"@id":"node/12264929908","bus":"yes","highway":"bus_stop","name":"École Cherif Moh. Ameziane","network":"ISSAL TANGER","network:wikidata":"Q114666905","public_transport":"platform","lines":["L14"],"local_ref":"L14"},"geometry":{"type":"Point","coordinates":[-5.7557437,35.7793957]},"id":"node/12264929908"},{"type":"Feature","properties":{"@id":"node/12264929909","bus":"yes","highway":"bus_stop","name":"École Cherif Moh. Ameziane","network":"ISSAL TANGER","network:wikidata":"Q114666905","public_transport":"platform","lines":["L14"],"local_ref":"L14"},"geometry":{"type":"Point","coordinates":[-5.7557929,35.7795154]},"id":"node/12264929909"},{"type":"Feature","properties":{"@id":"node/12264929910","bus":"yes","highway":"bus_stop","name":"Hrarech1","network":"ISSAL TANGER","network:wikidata":"Q114666905","public_transport":"platform","lines":["L14"],"local_ref":"L14"},"geometry":{"type":"Point","coordinates":[-5.753407,35.777021]},"id":"node/12264929910"},{"type":"Feature","properties":{"@id":"node/12264929911","bus":"yes","highway":"bus_stop","name":"Commune Sania","network":"ISSAL TANGER","network:wikidata":"Q114666905","public_transport":"platform","lines":["L14"],"local_ref":"L14"},"geometry":{"type":"Point","coordinates":[-5.7499831,35.7751582]},"id":"node/12264929911"},{"type":"Feature","properties":{"@id":"node/12264929912","bus":"yes","highway":"bus_stop","name":"Commune Sania","network":"ISSAL TANGER","network:wikidata":"Q114666905","public_transport":"platform","lines":["L14"],"local_ref":"L14"},"geometry":{"type":"Point","coordinates":[-5.7500815,35.775055]},"id":"node/12264929912"},{"type":"Feature","properties":{"@id":"node/12264929925","bus":"yes","highway":"bus_stop","name":"Hrarech2","network":"ISSAL TANGER","network:wikidata":"Q114666905","public_transport":"platform","lines":["L14"],"local_ref":"L14"},"geometry":{"type":"Point","coordinates":[-5.7473578,35.7741924]},"id":"node/12264929925"},{"type":"Feature","properties":{"@id":"node/12264929926","bus":"yes","highway":"bus_stop","name":"Hrarech2","network":"ISSAL TANGER","network:wikidata":"Q114666905","public_transport":"platform","lines":["L14"],"local_ref":"L14"},"geometry":{"type":"Point","coordinates":[-5.7474572,35.7743497]},"id":"node/12264929926"},{"type":"Feature","properties":{"@id":"node/12264929927","bus":"yes","highway":"bus_stop","name":"Hrarech3 Terminus","network":"ISSAL TANGER","network:wikidata":"Q114666905","public_transport":"platform","lines":["L14"],"local_ref":"L14"},"geometry":{"type":"Point","coordinates":[-5.7421775,35.7740663]},"id":"node/12264929927"},{"type":"Feature","properties":{"@id":"node/12264929928","bus":"yes","highway":"bus_stop","name":"Hrarech3 Terminus","network":"ISSAL TANGER","network:wikidata":"Q114666905","public_transport":"platform","lines":["L14"],"local_ref":"L14"},"geometry":{"type":"Point","coordinates":[-5.7421761,35.7741885]},"id":"node/12264929928"},{"type":"Feature","properties":{"@id":"node/12266024594","bus":"yes","highway":"bus_stop","name":"Ghandouri","network":"ISSAL TANGER","network:wikidata":"Q114666905","public_transport":"platform","lines":["LI3"],"local_ref":"LI3"},"geometry":{"type":"Point","coordinates":[-5.7547153,35.7879868]},"id":"node/12266024594"},{"type":"Feature","properties":{"@id":"node/12266024595","bus":"yes","highway":"bus_stop","name":"Force Auxilieres","network":"ISSAL TANGER","network:wikidata":"Q114666905","public_transport":"platform","lines":["LI3"],"local_ref":"LI3"},"geometry":{"type":"Point","coordinates":[-5.7464013,35.7966064]},"id":"node/12266024595"},{"type":"Feature","properties":{"@id":"node/12267655235","bus":"yes","highway":"bus_stop","name":"Lamtafi","network":"ISSAL TANGER","network:wikidata":"Q114666905","public_transport":"platform","lines":["L17"],"local_ref":"L17"},"geometry":{"type":"Point","coordinates":[-5.8241498,35.788259]},"id":"node/12267655235"},{"type":"Feature","properties":{"@id":"node/12267655237","bus":"yes","highway":"bus_stop","name":"Palais des Institutions Italiennes","network":"ISSAL TANGER","network:wikidata":"Q114666905","public_transport":"platform","lines":["L17"],"local_ref":"L17"},"geometry":{"type":"Point","coordinates":[-5.8206189,35.7861646]},"id":"node/12267655237"},{"type":"Feature","properties":{"@id":"node/12267655243","bus":"yes","highway":"bus_stop","name":"Entrée de Mojhidine","network":"ISSAL TANGER","network:wikidata":"Q114666905","public_transport":"platform","public_transport:version":"2","lines":["L17"],"local_ref":"L17"},"geometry":{"type":"Point","coordinates":[-5.8343486,35.7789637]},"id":"node/12267655243"},{"type":"Feature","properties":{"@id":"node/12267655244","bus":"yes","highway":"bus_stop","name":"Pharmacie Al Moujahidine","network":"ISSAL TANGER","network:wikidata":"Q114666905","public_transport":"platform","public_transport:version":"2","lines":["L17"],"local_ref":"L17"},"geometry":{"type":"Point","coordinates":[-5.8366944,35.7777932]},"id":"node/12267655244"},{"type":"Feature","properties":{"@id":"node/12267677058","bus":"yes","highway":"bus_stop","name":"Lycée Moulay Slimane","network":"ISSAL TANGER","network:wikidata":"Q114666905","public_transport":"platform","public_transport:version":"2","lines":["L17"],"local_ref":"L17"},"geometry":{"type":"Point","coordinates":[-5.8378497,35.7752808]},"id":"node/12267677058"},{"type":"Feature","properties":{"@id":"node/12267677060","bus":"yes","highway":"bus_stop","name":"Cimitière Moujahidine","network":"ISSAL TANGER","network:wikidata":"Q114666905","public_transport":"platform","public_transport:version":"2","lines":["L17"],"local_ref":"L17"},"geometry":{"type":"Point","coordinates":[-5.8413941,35.773693]},"id":"node/12267677060"},{"type":"Feature","properties":{"@id":"node/12267677064","bus":"yes","highway":"bus_stop","name":"R.Point El Moujahidine","network":"ISSAL TANGER","network:wikidata":"Q114666905","public_transport":"platform","public_transport:version":"2","lines":["L17"],"local_ref":"L17"},"geometry":{"type":"Point","coordinates":[-5.8469615,35.7671704]},"id":"node/12267677064"},{"type":"Feature","properties":{"@id":"node/12267677065","bus":"yes","highway":"bus_stop","name":"Ecole Alpha","network":"ISSAL TANGER","network:wikidata":"Q114666905","public_transport":"platform","public_transport:version":"2","lines":["L17"],"local_ref":"L17"},"geometry":{"type":"Point","coordinates":[-5.8444323,35.7689351]},"id":"node/12267677065"},{"type":"Feature","properties":{"@id":"node/12267677066","bus":"yes","highway":"bus_stop","name":"Ecole Alpha","network":"ISSAL TANGER","network:wikidata":"Q114666905","public_transport":"platform","public_transport:version":"2","lines":["L17"],"local_ref":"L17"},"geometry":{"type":"Point","coordinates":[-5.8445791,35.7690412]},"id":"node/12267677066"},{"type":"Feature","properties":{"@id":"node/12267677067","bus":"yes","highway":"bus_stop","name":"Entree Kwacim","network":"ISSAL TANGER","network:wikidata":"Q114666905","public_transport":"platform","public_transport:version":"2","lines":["L17"],"local_ref":"L17"},"geometry":{"type":"Point","coordinates":[-5.8506658,35.7679834]},"id":"node/12267677067"},{"type":"Feature","properties":{"@id":"node/12267677068","bus":"yes","highway":"bus_stop","name":"Entree Kwasim","network":"ISSAL TANGER","network:wikidata":"Q114666905","public_transport":"platform","public_transport:version":"2","lines":["L17"],"local_ref":"L17"},"geometry":{"type":"Point","coordinates":[-5.8506495,35.7681379]},"id":"node/12267677068"},{"type":"Feature","properties":{"@id":"node/12267677069","bus":"yes","highway":"bus_stop","name":"Pharmacie Al Madina","network":"ISSAL TANGER","network:wikidata":"Q114666905","public_transport":"platform","public_transport:version":"2","lines":["L17"],"local_ref":"L17"},"geometry":{"type":"Point","coordinates":[-5.8531133,35.7671981]},"id":"node/12267677069"},{"type":"Feature","properties":{"@id":"node/12267677070","bus":"yes","highway":"bus_stop","name":"Pharmacie Al Madina","network":"ISSAL TANGER","network:wikidata":"Q114666905","public_transport":"platform","public_transport:version":"2","lines":["L17"],"local_ref":"L17"},"geometry":{"type":"Point","coordinates":[-5.8532574,35.7673963]},"id":"node/12267677070"},{"type":"Feature","properties":{"@id":"node/12267677071","bus":"yes","highway":"bus_stop","name":"R.Point Kwacim","network":"ISSAL TANGER","network:wikidata":"Q114666905","public_transport":"platform","public_transport:version":"2","lines":["L17"],"local_ref":"L17"},"geometry":{"type":"Point","coordinates":[-5.8570606,35.7651298]},"id":"node/12267677071"},{"type":"Feature","properties":{"@id":"node/12267677072","bus":"yes","highway":"bus_stop","name":"R.Point Kwacim","network":"ISSAL TANGER","network:wikidata":"Q114666905","public_transport":"platform","public_transport:version":"2","lines":["L17"],"local_ref":"L17"},"geometry":{"type":"Point","coordinates":[-5.8568221,35.7651854]},"id":"node/12267677072"},{"type":"Feature","properties":{"@id":"node/12267677079","bus":"yes","highway":"bus_stop","name":"Mosquee Oum Al Moum","network":"ISSAL TANGER","network:wikidata":"Q114666905","public_transport":"platform","public_transport:version":"2","lines":["L17"],"local_ref":"L17"},"geometry":{"type":"Point","coordinates":[-5.8551135,35.7664767]},"id":"node/12267677079"},{"type":"Feature","properties":{"@id":"node/12267677080","bus":"yes","highway":"bus_stop","name":"Mosquee Oum Al Moum","network":"ISSAL TANGER","network:wikidata":"Q114666905","public_transport":"platform","public_transport:version":"2","lines":["L17"],"local_ref":"L17"},"geometry":{"type":"Point","coordinates":[-5.8551741,35.7665931]},"id":"node/12267677080"},{"type":"Feature","properties":{"@id":"node/12267677083","bus":"yes","highway":"bus_stop","name":"Mosquee Rahma","network":"ISSAL TANGER","network:wikidata":"Q114666905","public_transport":"platform","public_transport:version":"2","lines":["L17"],"local_ref":"L17"},"geometry":{"type":"Point","coordinates":[-5.8528256,35.7567752]},"id":"node/12267677083"},{"type":"Feature","properties":{"@id":"node/12267677084","bus":"yes","highway":"bus_stop","name":"Mesnana Terminus","network":"ISSAL TANGER","network:wikidata":"Q114666905","public_transport":"platform","public_transport:version":"2","lines":["L17"],"local_ref":"L17"},"geometry":{"type":"Point","coordinates":[-5.8514909,35.7541028]},"id":"node/12267677084"},{"type":"Feature","properties":{"@id":"node/12267677085","bus":"yes","highway":"bus_stop","name":"Mesnana Golf","network":"ISSAL TANGER","network:wikidata":"Q114666905","public_transport":"platform","public_transport:version":"2","lines":["L17"],"local_ref":"L17"},"geometry":{"type":"Point","coordinates":[-5.8553253,35.7623332]},"id":"node/12267677085"},{"type":"Feature","properties":{"@id":"node/12267677086","bus":"yes","highway":"bus_stop","name":"Mesnana Golf","network":"ISSAL TANGER","network:wikidata":"Q114666905","public_transport":"platform","public_transport:version":"2","lines":["L17"],"local_ref":"L17"},"geometry":{"type":"Point","coordinates":[-5.8555864,35.7622846]},"id":"node/12267677086"},{"type":"Feature","properties":{"@id":"node/12269078088","bus":"yes","highway":"bus_stop","name":"Pharmacie Taissir","network":"ISSAL TANGER","network:wikidata":"Q114666905","public_transport":"platform","public_transport:version":"2","lines":["L18"],"local_ref":"L18"},"geometry":{"type":"Point","coordinates":[-5.7871876,35.7519753]},"id":"node/12269078088"},{"type":"Feature","properties":{"@id":"node/12269078089","bus":"yes","highway":"bus_stop","name":"Pharmacie Taissir","network":"ISSAL TANGER","network:wikidata":"Q114666905","public_transport":"platform","public_transport:version":"2","lines":["L18"],"local_ref":"L18"},"geometry":{"type":"Point","coordinates":[-5.7873944,35.7515419]},"id":"node/12269078089"},{"type":"Feature","properties":{"@id":"node/12269078090","bus":"yes","highway":"bus_stop","name":"Mghogha Sghira","network":"ISSAL TANGER","network:wikidata":"Q114666905","public_transport":"platform","lines":["L18"],"local_ref":"L18"},"geometry":{"type":"Point","coordinates":[-5.7857618,35.7524869]},"id":"node/12269078090"},{"type":"Feature","properties":{"@id":"node/12269078091","bus":"yes","highway":"bus_stop","name":"Souk Mghogha","network":"ISSAL TANGER","network:wikidata":"Q114666905","public_transport":"platform","lines":["L18"],"local_ref":"L18"},"geometry":{"type":"Point","coordinates":[-5.7833891,35.7538123]},"id":"node/12269078091"},{"type":"Feature","properties":{"@id":"node/12269281145","bus":"yes","highway":"bus_stop","local_ref":"LI1-LI6-L11-LI14","name":"Circo Malabata","network":"ISSAL TANGER","network:wikidata":"Q114666905","public_transport":"platform","public_transport:version":"2","lines":["LI1","LI6","L11","LI14"]},"geometry":{"type":"Point","coordinates":[-5.762306,35.7770656]},"id":"node/12269281145"},{"type":"Feature","properties":{"@id":"node/12269281146","bus":"yes","highway":"bus_stop","local_ref":"LI1-LI6-L11-LI14","name":"Circo Malabata","network":"ISSAL TANGER","network:wikidata":"Q114666905","public_transport":"platform","public_transport:version":"2","lines":["LI1","LI6","L11","LI14"]},"geometry":{"type":"Point","coordinates":[-5.7625065,35.7771012]},"id":"node/12269281146"},{"type":"Feature","properties":{"@id":"node/12269281149","bus":"yes","highway":"bus_stop","name":"R. Point Hay Salam","network":"ISSAL TANGER","network:wikidata":"Q114666905","public_transport":"platform","lines":["L20"],"local_ref":"L20"},"geometry":{"type":"Point","coordinates":[-5.8065344,35.7416684]},"id":"node/12269281149"},{"type":"Feature","properties":{"@id":"node/12269281151","bus":"yes","highway":"bus_stop","local_ref":"L20-L22-L30","name":"Pharmacie Mernissi","network":"ISSAL TANGER","network:wikidata":"Q114666905","operator":"ISSAL","public_transport":"platform","lines":["L20","L22","L30"]},"geometry":{"type":"Point","coordinates":[-5.7940704,35.7496376]},"id":"node/12269281151"},{"type":"Feature","properties":{"@id":"node/12269281153","bus":"yes","highway":"bus_stop","local_ref":"L20-L22-L30","name":"CTM","network":"ISSAL TANGER","network:wikidata":"Q114666905","operator":"ISSAL","public_transport":"platform","lines":["L20","L22","L30"]},"geometry":{"type":"Point","coordinates":[-5.7912006,35.7514072]},"id":"node/12269281153"},{"type":"Feature","properties":{"@id":"node/12269281155","bus":"yes","highway":"bus_stop","local_ref":"L20-L22-L30","name":"Jardin Benkirane","network":"ISSAL TANGER","network:wikidata":"Q114666905","operator":"ISSAL","public_transport":"platform","lines":["L20","L22","L30"]},"geometry":{"type":"Point","coordinates":[-5.7890243,35.7554101]},"id":"node/12269281155"},{"type":"Feature","properties":{"@id":"node/12269325806","bus":"yes","highway":"bus_stop","local_ref":"L20-L22-L30","name":"Hawmat Chok Chantara","network":"ISSAL TANGER","network:wikidata":"Q114666905","operator":"ISSAL","public_transport":"platform","lines":["L20","L22","L30"]},"geometry":{"type":"Point","coordinates":[-5.7838075,35.7598108]},"id":"node/12269325806"},{"type":"Feature","properties":{"@id":"node/12269325822","bus":"yes","highway":"bus_stop","local_ref":"L20-L22-L30","name":"Mosquee El Fath","network":"ISSAL TANGER","network:wikidata":"Q114666905","operator":"ISSAL","public_transport":"platform","public_transport:version":"2","lines":["L20","L22","L30"]},"geometry":{"type":"Point","coordinates":[-5.7833725,35.7646161]},"id":"node/12269325822"},{"type":"Feature","properties":{"@id":"node/12269325824","bus":"yes","highway":"bus_stop","local_ref":"L20-L22-L30","name":"Gare Train","network":"ISSAL TANGER","network:wikidata":"Q114666905","operator":"ISSAL","public_transport":"platform","public_transport:version":"2","lines":["L20","L22","L30"]},"geometry":{"type":"Point","coordinates":[-5.787217,35.7691234]},"id":"node/12269325824"},{"type":"Feature","properties":{"@id":"node/12269325825","bus":"yes","highway":"bus_stop","local_ref":"L20-L22-L30","name":"Centre Accueille","network":"ISSAL TANGER","network:wikidata":"Q114666905","operator":"ISSAL","public_transport":"platform","public_transport:version":"2","lines":["L20","L22","L30"]},"geometry":{"type":"Point","coordinates":[-5.7902802,35.7713345]},"id":"node/12269325825"},{"type":"Feature","properties":{"@id":"node/12269325826","bus":"yes","highway":"bus_stop","local_ref":"L20-L22-L30","name":"Centre Accueille","network":"ISSAL TANGER","network:wikidata":"Q114666905","operator":"ISSAL","public_transport":"platform","public_transport:version":"2","lines":["L20","L22","L30"]},"geometry":{"type":"Point","coordinates":[-5.790096,35.771392]},"id":"node/12269325826"},{"type":"Feature","properties":{"@id":"node/12269325899","bus":"yes","highway":"bus_stop","name":"Dar Tounsi","network":"ISSAL TANGER","network:wikidata":"Q114666905","public_transport":"platform","lines":["L20","L23","LI6"],"local_ref":"L20-L23-LI6"},"geometry":{"type":"Point","coordinates":[-5.7997055,35.7515052]},"id":"node/12269325899"},{"type":"Feature","properties":{"@id":"node/12269326082","bus":"yes","highway":"bus_stop","name":"Bouhkalef","network":"ISSAL TANGER","network:wikidata":"Q114666905","public_transport":"platform","lines":["L1","L1B","L2","L20","LI19"],"local_ref":"L1-L1B-L2-L20-LI19"},"geometry":{"type":"Point","coordinates":[-5.8899123,35.7346655]},"id":"node/12269326082"},{"type":"Feature","properties":{"@id":"node/12269888260","bus":"yes","highway":"bus_stop","name":"Stade Cricket","network":"ISSAL TANGER","network:wikidata":"Q114666905","public_transport":"platform","public_transport:version":"2","lines":["L4"],"local_ref":"L4"},"geometry":{"type":"Point","coordinates":[-5.8573838,35.7728354]},"id":"node/12269888260"},{"type":"Feature","properties":{"@id":"node/12269888548","bus":"yes","highway":"bus_stop","name":"Entree Irfane","network":"ISSAL TANGER","network:wikidata":"Q114666905","public_transport":"platform","public_transport:version":"2","lines":["L1","L1B","L2","L20"],"local_ref":"L1-L1B-L2-L20"},"geometry":{"type":"Point","coordinates":[-5.8788354,35.737108]},"id":"node/12269888548"},{"type":"Feature","properties":{"@id":"node/12269888549","bus":"yes","highway":"bus_stop","name":"Al Irfane","network":"ISSAL TANGER","network:wikidata":"Q114666905","public_transport":"platform","public_transport:version":"2","lines":["L20"],"local_ref":"L20"},"geometry":{"type":"Point","coordinates":[-5.8830301,35.7371797]},"id":"node/12269888549"},{"type":"Feature","properties":{"@id":"node/12270931444","bus":"yes","highway":"bus_stop","local_ref":"2A","name":"Casabarata 2","network":"ISSAL TANGER","network:wikidata":"Q114679539","public_transport":"platform","public_transport:version":"2","lines":["2A"]},"geometry":{"type":"Point","coordinates":[-5.8236225,35.7620138]},"id":"node/12270931444"},{"type":"Feature","properties":{"@id":"node/12270931445","bus":"yes","highway":"bus_stop","local_ref":"2A","name":"LI11   Casabarata","network":"ISSAL TANGER","network:wikidata":"Q114679539","public_transport":"platform","public_transport:version":"2","lines":["2A"]},"geometry":{"type":"Point","coordinates":[-5.8237495,35.7618256]},"id":"node/12270931445"},{"type":"Feature","properties":{"@id":"node/12270931467","bus":"yes","highway":"bus_stop","name":"Pont Ben Diban","network":"ISSAL TANGER","network:wikidata":"Q114666905","public_transport":"platform","public_transport:version":"2","lines":["L23"],"local_ref":"L23"},"geometry":{"type":"Point","coordinates":[-5.8217932,35.7582105]},"id":"node/12270931467"},{"type":"Feature","properties":{"@id":"node/12270931468","bus":"yes","highway":"bus_stop","name":"Pont Ben Diban","network":"ISSAL TANGER","network:wikidata":"Q114666905","public_transport":"platform","public_transport:version":"2","lines":["L23"],"local_ref":"L23"},"geometry":{"type":"Point","coordinates":[-5.8216469,35.7582729]},"id":"node/12270931468"},{"type":"Feature","properties":{"@id":"node/12270931469","bus":"yes","highway":"bus_stop","name":"Ben Diban 2","name:ar":"بن ديبن 2","network":"ISSAL TANGER","network:wikidata":"Q114666905","public_transport":"platform","public_transport:version":"2","lines":["L23"],"local_ref":"L23"},"geometry":{"type":"Point","coordinates":[-5.8205693,35.7552503]},"id":"node/12270931469"},{"type":"Feature","properties":{"@id":"node/12270931470","bus":"yes","highway":"bus_stop","name":"Ben Diban 2","name:ar":"بن ديبن 2","network":"ISSAL TANGER","network:wikidata":"Q114666905","public_transport":"platform","public_transport:version":"2","lines":["L23"],"local_ref":"L23"},"geometry":{"type":"Point","coordinates":[-5.8206691,35.7552385]},"id":"node/12270931470"},{"type":"Feature","properties":{"@id":"node/12270931475","bus":"yes","highway":"bus_stop","name":"Ecole Tanja Al Alia","network":"ISSAL TANGER","network:wikidata":"Q114666905","public_transport":"platform","public_transport:version":"2","lines":["L23"],"local_ref":"L23"},"geometry":{"type":"Point","coordinates":[-5.8179868,35.7538971]},"id":"node/12270931475"},{"type":"Feature","properties":{"@id":"node/12270932918","bus":"yes","highway":"bus_stop","name":"Cafe Rihan","network":"ISSAL TANGER","network:wikidata":"Q114666905","public_transport":"platform","public_transport:version":"2","lines":["L23"],"local_ref":"L23"},"geometry":{"type":"Point","coordinates":[-5.7985877,35.7530705]},"id":"node/12270932918"},{"type":"Feature","properties":{"@id":"node/12270932919","bus":"yes","highway":"bus_stop","name":"Cafe Rihan","network":"ISSAL TANGER","network:wikidata":"Q114666905","public_transport":"platform","public_transport:version":"2","lines":["L23"],"local_ref":"L23"},"geometry":{"type":"Point","coordinates":[-5.7987697,35.7532115]},"id":"node/12270932919"},{"type":"Feature","properties":{"@id":"node/12270932920","bus":"yes","highway":"bus_stop","name":"Cafe Salima","network":"ISSAL TANGER","network:wikidata":"Q114666905","public_transport":"platform","public_transport:version":"2","lines":["L23"],"local_ref":"L23"},"geometry":{"type":"Point","coordinates":[-5.7951161,35.7550834]},"id":"node/12270932920"},{"type":"Feature","properties":{"@id":"node/12270932921","bus":"yes","highway":"bus_stop","name":"Cafe Salima","network":"ISSAL TANGER","network:wikidata":"Q114666905","public_transport":"platform","public_transport:version":"2","lines":["L23"],"local_ref":"L23"},"geometry":{"type":"Point","coordinates":[-5.7952117,35.7552268]},"id":"node/12270932921"},{"type":"Feature","properties":{"@id":"node/12270932922","bus":"yes","highway":"bus_stop","name":"Cafe Algeciras","network":"ISSAL TANGER","network:wikidata":"Q114666905","public_transport":"platform","public_transport:version":"2","lines":["L13","L18","L23","LI16","LI7"],"local_ref":"L13-L18-L23-LI16-LI7"},"geometry":{"type":"Point","coordinates":[-5.7925287,35.7564804]},"id":"node/12270932922"},{"type":"Feature","properties":{"@id":"node/12270932923","bus":"yes","highway":"bus_stop","name":"Cafe Algeciras","network":"ISSAL TANGER","network:wikidata":"Q114666905","public_transport":"platform","public_transport:version":"2","lines":["L13","L18","L23","LI16","LI7"],"local_ref":"L13-L18-L23-LI16-LI7"},"geometry":{"type":"Point","coordinates":[-5.7927043,35.7566493]},"id":"node/12270932923"},{"type":"Feature","properties":{"@id":"node/12271060173","bus":"yes","highway":"bus_stop","local_ref":"2","name":"pharmacy","network":"ISSAL TANGER","network:wikidata":"Q114666905","public_transport":"platform","public_transport:version":"2","lines":["2"]},"geometry":{"type":"Point","coordinates":[-5.8780259,35.7401577]},"id":"node/12271060173"},{"type":"Feature","properties":{"@id":"node/12271060227","bus":"yes","highway":"bus_stop","name":"Grottes d'Hercule","name:fr":"Grottes d'Hercule","network":"ISSAL TANGER","network:wikidata":"Q114666905","public_transport":"platform","lines":["L26"],"local_ref":"L26"},"geometry":{"type":"Point","coordinates":[-5.9383696,35.7593899]},"id":"node/12271060227"},{"type":"Feature","properties":{"@id":"node/12271060328","bus":"yes","highway":"bus_stop","name":"Cafe Hossein","network":"ISSAL TANGER","network:wikidata":"Q114666905","public_transport":"platform","lines":["L26"],"local_ref":"L26"},"geometry":{"type":"Point","coordinates":[-5.9343924,35.7629867]},"id":"node/12271060328"},{"type":"Feature","properties":{"@id":"node/12271060329","bus":"yes","highway":"bus_stop","name":"Cafe Hossein","network":"ISSAL TANGER","network:wikidata":"Q114666905","public_transport":"platform","lines":["L26"],"local_ref":"L26"},"geometry":{"type":"Point","coordinates":[-5.9345754,35.7629807]},"id":"node/12271060329"},{"type":"Feature","properties":{"@id":"node/12271060330","bus":"yes","highway":"bus_stop","name":"Plage Achkar","network":"ISSAL TANGER","network:wikidata":"Q114666905","public_transport":"platform","lines":["L26"],"local_ref":"L26"},"geometry":{"type":"Point","coordinates":[-5.9336092,35.7679264]},"id":"node/12271060330"},{"type":"Feature","properties":{"@id":"node/12271060331","bus":"yes","highway":"bus_stop","name":"Plage Achkar","network":"ISSAL TANGER","network:wikidata":"Q114666905","public_transport":"platform","lines":["L26"],"local_ref":"L26"},"geometry":{"type":"Point","coordinates":[-5.9338153,35.7680205]},"id":"node/12271060331"},{"type":"Feature","properties":{"@id":"node/12271060429","bus":"yes","highway":"bus_stop","name":"Ba Kacem","network":"ISSAL TANGER","network:wikidata":"Q114666905","public_transport":"platform","lines":["L26"],"local_ref":"L26"},"geometry":{"type":"Point","coordinates":[-5.9314109,35.7733213]},"id":"node/12271060429"},{"type":"Feature","properties":{"@id":"node/12271060430","bus":"yes","highway":"bus_stop","name":"Ba Kacem","network":"ISSAL TANGER","network:wikidata":"Q114666905","public_transport":"platform","lines":["L26"],"local_ref":"L26"},"geometry":{"type":"Point","coordinates":[-5.9314303,35.7735095]},"id":"node/12271060430"},{"type":"Feature","properties":{"@id":"node/12271060528","bus":"yes","highway":"bus_stop","name":"Mediouna Soufla","network":"ISSAL TANGER","network:wikidata":"Q114666905","public_transport":"platform","lines":["L26"],"local_ref":"L26"},"geometry":{"type":"Point","coordinates":[-5.9176335,35.7697501]},"id":"node/12271060528"},{"type":"Feature","properties":{"@id":"node/12271060529","bus":"yes","highway":"bus_stop","name":"Mediouna Soufla","network":"ISSAL TANGER","network:wikidata":"Q114666905","public_transport":"platform","lines":["L26"],"local_ref":"L26"},"geometry":{"type":"Point","coordinates":[-5.9177917,35.7697133]},"id":"node/12271060529"},{"type":"Feature","properties":{"@id":"node/12271060530","bus":"yes","highway":"bus_stop","name":"Playa Sol","network":"ISSAL TANGER","network:wikidata":"Q114666905","public_transport":"platform","lines":["L26"],"local_ref":"L26"},"geometry":{"type":"Point","coordinates":[-5.9279341,35.7753671]},"id":"node/12271060530"},{"type":"Feature","properties":{"@id":"node/12271060531","bus":"yes","highway":"bus_stop","name":"Playa Sol","network":"ISSAL TANGER","network:wikidata":"Q114666905","public_transport":"platform","lines":["L26"],"local_ref":"L26"},"geometry":{"type":"Point","coordinates":[-5.9280146,35.7752365]},"id":"node/12271060531"},{"type":"Feature","properties":{"@id":"node/12272014894","bus":"yes","highway":"bus_stop","name":"Hawmat Fatima","network":"ISSAL TANGER","network:wikidata":"Q114666905","public_transport":"platform","lines":["L3","L11"],"local_ref":"L3-L11"},"geometry":{"type":"Point","coordinates":[-5.7958955,35.7358039]},"id":"node/12272014894"},{"type":"Feature","properties":{"@id":"node/12272084200","bus":"yes","highway":"bus_stop","name":"Mrabet 2","network":"ISSAL TANGER","network:wikidata":"Q114666905","public_transport":"platform","lines":["LI6","L11"],"local_ref":"LI6-L11"},"geometry":{"type":"Point","coordinates":[-5.8095081,35.7221873]},"id":"node/12272084200"},{"type":"Feature","properties":{"@id":"node/12272094301","bus":"yes","highway":"bus_stop","name":"Mrabet 2","network":"ISSAL TANGER","network:wikidata":"Q114666905","public_transport":"platform","lines":["LI6","L11"],"local_ref":"LI6-L11"},"geometry":{"type":"Point","coordinates":[-5.8094387,35.7220267]},"id":"node/12272094301"},{"type":"Feature","properties":{"@id":"node/12272094302","bus":"yes","highway":"bus_stop","name":"Sakan Salma","network":"ISSAL TANGER","network:wikidata":"Q114666905","public_transport":"platform","lines":["LI6"],"local_ref":"LI6"},"geometry":{"type":"Point","coordinates":[-5.8214221,35.7220982]},"id":"node/12272094302"},{"type":"Feature","properties":{"@id":"node/12272094303","bus":"yes","highway":"bus_stop","name":"Sakan Salma","network":"ISSAL TANGER","network:wikidata":"Q114666905","public_transport":"platform","lines":["LI6"],"local_ref":"LI6"},"geometry":{"type":"Point","coordinates":[-5.8213978,35.7222953]},"id":"node/12272094303"},{"type":"Feature","properties":{"@id":"node/12272094304","bus":"yes","highway":"bus_stop","name":"Residence Nakhil","network":"ISSAL TANGER","network:wikidata":"Q114666905","public_transport":"platform","lines":["LI6"],"local_ref":"LI6"},"geometry":{"type":"Point","coordinates":[-5.8282648,35.7221619]},"id":"node/12272094304"},{"type":"Feature","properties":{"@id":"node/12272094305","bus":"yes","highway":"bus_stop","name":"Residence Nakhil","network":"ISSAL TANGER","network:wikidata":"Q114666905","public_transport":"platform","lines":["LI6"],"local_ref":"LI6"},"geometry":{"type":"Point","coordinates":[-5.8281461,35.7223788]},"id":"node/12272094305"},{"type":"Feature","properties":{"@id":"node/12273634850","bus":"yes","highway":"bus_stop","name":"Gare Ferrovaire","network":"ISSAL TANGER","network:wikidata":"Q114666905","operator":"ISSAL","public_transport":"platform","public_transport:version":"2","website":"https://www.alsa.ma/tanger","lines":["AE","L13","L14","L2","L20","L8","LI18","LI9"],"local_ref":"AE-L13-L14-L2-L20-L8-LI18-LI9"},"geometry":{"type":"Point","coordinates":[-5.7853542,35.7722493]},"id":"node/12273634850"},{"type":"Feature","properties":{"@id":"node/12273634854","bus":"yes","highway":"bus_stop","local_ref":"LI2-LI8-L9A-LI10-LI11-L19","name":"Aeroport Ibn Batouta (Tanger)","network":"ISSAL TANGER","network:wikidata":"Q114666905","public_transport":"platform","public_transport:version":"2","lines":["LI2","LI8","L9A","LI10","LI11","L19"]},"geometry":{"type":"Point","coordinates":[-5.9109192,35.7268899]},"id":"node/12273634854"},{"type":"Feature","properties":{"@id":"node/12273634855","bus":"yes","highway":"bus_stop","local_ref":"LI2-LI8-L9A-LI10-LI11-L19","name":"Aeroport Ibn Batouta (Tanger)","network":"ISSAL TANGER","network:wikidata":"Q114666905","public_transport":"platform","public_transport:version":"2","lines":["LI2","LI8","L9A","LI10","LI11","L19"]},"geometry":{"type":"Point","coordinates":[-5.9109302,35.7269724]},"id":"node/12273634855"},{"type":"Feature","properties":{"@id":"node/12277554924","bus":"yes","highway":"bus_stop","name":"Jardin Tanja El Balia","network":"ISSAL TANGER","network:wikidata":"Q114666905","public_transport":"platform","public_transport:version":"2","lines":["L30"],"local_ref":"L30"},"geometry":{"type":"Point","coordinates":[-5.7671796,35.7689141]},"id":"node/12277554924"},{"type":"Feature","properties":{"@id":"node/12277554925","bus":"yes","highway":"bus_stop","name":"Jardin Tanja El Balia","network":"ISSAL TANGER","network:wikidata":"Q114666905","public_transport":"platform","public_transport:version":"2","lines":["L30"],"local_ref":"L30"},"geometry":{"type":"Point","coordinates":[-5.76708,35.7689834]},"id":"node/12277554925"},{"type":"Feature","properties":{"@id":"node/12277554926","bus":"yes","highway":"bus_stop","name":"Ecole Al Jahid","name:ar":"مدرسة الجاهد","network":"ISSAL TANGER","network:wikidata":"Q114666905","public_transport":"platform","public_transport:version":"2","lines":["L30"],"local_ref":"L30"},"geometry":{"type":"Point","coordinates":[-5.7668776,35.7701416]},"id":"node/12277554926"},{"type":"Feature","properties":{"@id":"node/12277554927","bus":"yes","highway":"bus_stop","name":"Ecole Al Jahid","name:ar":"مدرسة الجاهد","network":"ISSAL TANGER","network:wikidata":"Q114666905","public_transport":"platform","public_transport:version":"2","lines":["L30"],"local_ref":"L30"},"geometry":{"type":"Point","coordinates":[-5.7670129,35.7701531]},"id":"node/12277554927"},{"type":"Feature","properties":{"@id":"node/12277554934","bus":"yes","highway":"bus_stop","name":"Cafe Viennois","network":"ISSAL TANGER","network:wikidata":"Q114666905","public_transport":"platform","public_transport:version":"2","lines":["L30"],"local_ref":"L30"},"geometry":{"type":"Point","coordinates":[-5.7658176,35.7678631]},"id":"node/12277554934"},{"type":"Feature","properties":{"@id":"node/12277554935","bus":"yes","highway":"bus_stop","name":"Cafe Viennois","network":"ISSAL TANGER","network:wikidata":"Q114666905","public_transport":"platform","public_transport:version":"2","lines":["L30"],"local_ref":"L30"},"geometry":{"type":"Point","coordinates":[-5.7659645,35.7677011]},"id":"node/12277554935"},{"type":"Feature","properties":{"@id":"node/12277554936","bus":"yes","highway":"bus_stop","name":"Marche Tanja El Balia","network":"ISSAL TANGER","network:wikidata":"Q114666905","public_transport":"platform","public_transport:version":"2","lines":["L30"],"local_ref":"L30"},"geometry":{"type":"Point","coordinates":[-5.7647441,35.7663371]},"id":"node/12277554936"},{"type":"Feature","properties":{"@id":"node/12277554937","bus":"yes","highway":"bus_stop","name":"Marche Tanja El Balia","network":"ISSAL TANGER","network:wikidata":"Q114666905","public_transport":"platform","public_transport:version":"2","lines":["L30"],"local_ref":"L30"},"geometry":{"type":"Point","coordinates":[-5.7646166,35.7664405]},"id":"node/12277554937"},{"type":"Feature","properties":{"@id":"node/12277554938","bus":"yes","highway":"bus_stop","name":"Cafe Herbanista","network":"ISSAL TANGER","network:wikidata":"Q114666905","public_transport":"platform","public_transport:version":"2","lines":["L30"],"local_ref":"L30"},"geometry":{"type":"Point","coordinates":[-5.7630484,35.763723]},"id":"node/12277554938"},{"type":"Feature","properties":{"@id":"node/12277554939","bus":"yes","highway":"bus_stop","name":"Cafe Herbanista","network":"ISSAL TANGER","network:wikidata":"Q114666905","public_transport":"platform","public_transport:version":"2","lines":["L30"],"local_ref":"L30"},"geometry":{"type":"Point","coordinates":[-5.7632001,35.7637297]},"id":"node/12277554939"},{"type":"Feature","properties":{"@id":"node/12277554940","bus":"yes","highway":"bus_stop","name":"Pharmacie Arreda","network":"ISSAL TANGER","network:wikidata":"Q114666905","public_transport":"platform","public_transport:version":"2","lines":["L30"],"local_ref":"L30"},"geometry":{"type":"Point","coordinates":[-5.7625303,35.7622844]},"id":"node/12277554940"},{"type":"Feature","properties":{"@id":"node/12277554941","bus":"yes","highway":"bus_stop","name":"Pharmacie Arreda","network":"ISSAL TANGER","network:wikidata":"Q114666905","public_transport":"platform","public_transport:version":"2","lines":["L30"],"local_ref":"L30"},"geometry":{"type":"Point","coordinates":[-5.7624238,35.7623709]},"id":"node/12277554941"},{"type":"Feature","properties":{"@id":"node/12277554942","bus":"yes","highway":"bus_stop","name":"Residence Sbai","network":"ISSAL TANGER","network:wikidata":"Q114666905","public_transport":"platform","public_transport:version":"2","lines":["L30"],"local_ref":"L30"},"geometry":{"type":"Point","coordinates":[-5.7606302,35.7613741]},"id":"node/12277554942"},{"type":"Feature","properties":{"@id":"node/12277554943","bus":"yes","highway":"bus_stop","name":"Residence Sbai","network":"ISSAL TANGER","network:wikidata":"Q114666905","public_transport":"platform","public_transport:version":"2","lines":["L30"],"local_ref":"L30"},"geometry":{"type":"Point","coordinates":[-5.7605759,35.7614908]},"id":"node/12277554943"},{"type":"Feature","properties":{"@id":"node/12277554944","bus":"yes","highway":"bus_stop","name":"Pharmacie Noran","network":"ISSAL TANGER","network:wikidata":"Q114666905","public_transport":"platform","public_transport:version":"2","lines":["L30"],"local_ref":"L30"},"geometry":{"type":"Point","coordinates":[-5.7582302,35.7603154]},"id":"node/12277554944"},{"type":"Feature","properties":{"@id":"node/12277554945","bus":"yes","highway":"bus_stop","name":"Pharmacie Noran","network":"ISSAL TANGER","network:wikidata":"Q114666905","public_transport":"platform","public_transport:version":"2","lines":["L30"],"local_ref":"L30"},"geometry":{"type":"Point","coordinates":[-5.7581867,35.7605008]},"id":"node/12277554945"},{"type":"Feature","properties":{"@id":"node/12277554946","bus":"yes","highway":"bus_stop","name":"R. Point Amendis","network":"ISSAL TANGER","network:wikidata":"Q114666905","public_transport":"platform","public_transport:version":"2","lines":["L30"],"local_ref":"L30"},"geometry":{"type":"Point","coordinates":[-5.7556845,35.7600122]},"id":"node/12277554946"},{"type":"Feature","properties":{"@id":"node/12277554947","bus":"yes","highway":"bus_stop","name":"R. Point Amendis","network":"ISSAL TANGER","network:wikidata":"Q114666905","public_transport":"platform","public_transport:version":"2","lines":["L30"],"local_ref":"L30"},"geometry":{"type":"Point","coordinates":[-5.7559726,35.7599854]},"id":"node/12277554947"},{"type":"Feature","properties":{"@id":"node/12277554958","bus":"yes","highway":"bus_stop","name":"Residence Ayoub","network":"ISSAL TANGER","network:wikidata":"Q114666905","public_transport":"platform","public_transport:version":"2","lines":["L30"],"local_ref":"L30"},"geometry":{"type":"Point","coordinates":[-5.7555846,35.7564571]},"id":"node/12277554958"},{"type":"Feature","properties":{"@id":"node/12277554959","bus":"yes","highway":"bus_stop","name":"Residence Ayoub","network":"ISSAL TANGER","network:wikidata":"Q114666905","public_transport":"platform","public_transport:version":"2","lines":["L30"],"local_ref":"L30"},"geometry":{"type":"Point","coordinates":[-5.755731,35.7564341]},"id":"node/12277554959"},{"type":"Feature","properties":{"@id":"node/12277554960","bus":"yes","highway":"bus_stop","name":"Residence Eden","network":"ISSAL TANGER","network:wikidata":"Q114666905","public_transport":"platform","public_transport:version":"2","lines":["L30"],"local_ref":"L30"},"geometry":{"type":"Point","coordinates":[-5.7553311,35.7539014]},"id":"node/12277554960"},{"type":"Feature","properties":{"@id":"node/12277554961","bus":"yes","highway":"bus_stop","name":"Residence Eden","network":"ISSAL TANGER","network:wikidata":"Q114666905","public_transport":"platform","public_transport:version":"2","lines":["L30"],"local_ref":"L30"},"geometry":{"type":"Point","coordinates":[-5.7553902,35.7536499]},"id":"node/12277554961"},{"type":"Feature","properties":{"@id":"node/12277554978","bus":"yes","highway":"bus_stop","name":"Poteaux Reseau","network":"ISSAL TANGER","network:wikidata":"Q114666905","public_transport":"platform","public_transport:version":"2","lines":["L30"],"local_ref":"L30"},"geometry":{"type":"Point","coordinates":[-5.7516943,35.748053]},"id":"node/12277554978"},{"type":"Feature","properties":{"@id":"node/12277554979","bus":"yes","highway":"bus_stop","name":"Poteaux Reseau","network":"ISSAL TANGER","network:wikidata":"Q114666905","public_transport":"platform","public_transport:version":"2","lines":["L30"],"local_ref":"L30"},"geometry":{"type":"Point","coordinates":[-5.7519386,35.7479953]},"id":"node/12277554979"},{"type":"Feature","properties":{"@id":"node/12277554997","bus":"yes","highway":"bus_stop","name":"Z.A.E. Tanja El Balia1","network":"ISSAL TANGER","network:wikidata":"Q114666905","public_transport":"platform","public_transport:version":"2","lines":["L30"],"local_ref":"L30"},"geometry":{"type":"Point","coordinates":[-5.7507144,35.7432221]},"id":"node/12277554997"},{"type":"Feature","properties":{"@id":"node/12277554998","bus":"yes","highway":"bus_stop","name":"Z.A.E. Tanja El Balia1","network":"ISSAL TANGER","network:wikidata":"Q114666905","public_transport":"platform","public_transport:version":"2","lines":["L30"],"local_ref":"L30"},"geometry":{"type":"Point","coordinates":[-5.750891,35.7432378]},"id":"node/12277554998"},{"type":"Feature","properties":{"@id":"node/12277569865","addr:city":"Tanger طنجة","bus":"yes","highway":"bus_stop","name":"Al Irfane Boukhalef","network":"ISSAL TANGER","network:wikidata":"Q114666905","operator":"alsa","public_transport":"platform","public_transport:version":"2","lines":["LI19"],"local_ref":"LI19"},"geometry":{"type":"Point","coordinates":[-5.8821382,35.7319858]},"id":"node/12277569865"},{"type":"Feature","properties":{"@id":"node/12277569866","addr:city":"Tanger طنجة","bus":"yes","highway":"bus_stop","name":"Al Irfane Boukhalef","network":"ISSAL TANGER","network:wikidata":"Q114666905","operator":"alsa","public_transport":"platform","public_transport:version":"2","lines":["LI19"],"local_ref":"LI19"},"geometry":{"type":"Point","coordinates":[-5.8823901,35.7320487]},"id":"node/12277569866"},{"type":"Feature","properties":{"@id":"node/12280357123","bus":"yes","highway":"bus_stop","name":"Bab Andalus","network":"ISSAL TANGER","network:wikidata":"Q114666905","public_transport":"platform","lines":["LI3"],"local_ref":"LI3"},"geometry":{"type":"Point","coordinates":[-5.7333944,35.8128697]},"id":"node/12280357123"},{"type":"Feature","properties":{"@id":"node/12280357124","bus":"yes","highway":"bus_stop","name":"Playa Blanca","network":"ISSAL TANGER","network:wikidata":"Q114666905","public_transport":"platform","lines":["LI3"],"local_ref":"LI3"},"geometry":{"type":"Point","coordinates":[-5.7224625,35.8161205]},"id":"node/12280357124"},{"type":"Feature","properties":{"@id":"node/12282189249","bus":"yes","highway":"bus_stop","name":"Mrissate 2","network":"ISSAL TANGER","network:wikidata":"Q114666905","public_transport":"platform","lines":["L30"],"local_ref":"L30"},"geometry":{"type":"Point","coordinates":[-5.746622,35.7926997]},"id":"node/12282189249"},{"type":"Feature","properties":{"@id":"node/12282189250","bus":"yes","highway":"bus_stop","name":"Residence Bahia","network":"ISSAL TANGER","network:wikidata":"Q114666905","public_transport":"platform","lines":["L30"],"local_ref":"L30"},"geometry":{"type":"Point","coordinates":[-5.7425895,35.7933124]},"id":"node/12282189250"},{"type":"Feature","properties":{"@id":"node/12282189267","bus":"yes","highway":"bus_stop","name":"Residence Bahia","network":"ISSAL TANGER","network:wikidata":"Q114666905","public_transport":"platform","lines":["L30"],"local_ref":"L30"},"geometry":{"type":"Point","coordinates":[-5.7426493,35.7934973]},"id":"node/12282189267"},{"type":"Feature","properties":{"@id":"node/12282189268","bus":"yes","highway":"bus_stop","name":"Mrissate 2","network":"ISSAL TANGER","network:wikidata":"Q114666905","public_transport":"platform","lines":["L30"],"local_ref":"L30"},"geometry":{"type":"Point","coordinates":[-5.7466765,35.7928529]},"id":"node/12282189268"},{"type":"Feature","properties":{"@id":"node/12285888742","bus":"yes","highway":"bus_stop","local_ref":"L6-LI9","name":"Place Medina","name:ar":"ساحة المدينة","name:es":"Plaza Almedina","network":"ISSAL TANGER","network:wikidata":"Q114666905","public_transport":"platform","public_transport:version":"2","lines":["L6","LI9"]},"geometry":{"type":"Point","coordinates":[-5.8106891,35.7749606]},"id":"node/12285888742"},{"type":"Feature","properties":{"@id":"node/12293784789","bus":"yes","highway":"bus_stop","local_ref":"L11-L27-L30","name":"Place Aouama","name:ar":"ساحة العوامة","network":"ISSAL TANGER","network:wikidata":"Q114666905","operator":"ISSAL","public_transport":"platform","public_transport:version":"2","lines":["L11","L27","L30"]},"geometry":{"type":"Point","coordinates":[-5.8020422,35.7364403]},"id":"node/12293784789"},{"type":"Feature","properties":{"@id":"node/12293784790","bus":"yes","highway":"bus_stop","local_ref":"L11-L27-L30","name":"Place Aouama","name:ar":"ساحة العوامة","network":"ISSAL TANGER","network:wikidata":"Q114666905","operator":"ISSAL","public_transport":"platform","public_transport:version":"2","lines":["L11","L27","L30"]},"geometry":{"type":"Point","coordinates":[-5.8018119,35.7358935]},"id":"node/12293784790"},{"type":"Feature","properties":{"@id":"node/12293784791","bus":"yes","highway":"bus_stop","local_ref":"L27","name":"Place Aouama","name:ar":"ساحة العوامة","network":"ISSAL TANGER","network:wikidata":"Q114666905","operator":"ISSAL","public_transport":"platform","public_transport:version":"2","lines":["L27"]},"geometry":{"type":"Point","coordinates":[-5.8009871,35.7359441]},"id":"node/12293784791"}]}